0,0.4823193290652643,-65.82163061353465,-48.1045392814136,86.7709,5,-68.93761592405055,-4.2538602208617,-26.886818167725345,-0.5821153835273701,0.08976838507994797,-0.8081355928264236,-40.24124296980909,9.131572923211682,-88.22888762439257,-0.16905437078151497,0.07044878740263487,-0.983086102116777,2.2060052521377385,12.111422307470656,-96.75488637095899,0.03456831396223255,0.12718619548568724,-0.9912763340283468,41.62789071654541,8.726094998433286,-81.70770984209823,0.31791367881346144,0.14090577077359265,-0.9375903557449728,71.66221106279332,-1.9207251036453776,-45.42374447373034,0.6094835284534411,0.07145299865533306,-0.7895717078580523
0,5.843450370205925,-142.71160426972108,-45.73881776768714,155.31,5,-86.68770875120708,-10.958093304198764,-6.415443844721226,-0.379305115000249,0.11723792910575666,-0.9178136886338255,-38.99435725146882,1.0604820203265017,-100.43603646113154,-0.07137129714510504,-0.06820677823828972,-0.995114663816771,10.426134443282395,2.19483103464552,-112.93742767095725,0.19625211619426933,-0.10295720122946664,-0.9751334584976272,44.64036943942778,-1.8181174840824799,-98.01170876006516,0.23877373440481597,-0.12230014197373998,-0.9633428886776394,84.54164559053531,-2.1024112647463546,-53.25955595900668,0.5944243628311212,-0.005401924768099975,-0.8041339900107461
0,68.91571509148653,181.3622857365645,15.670802391382724,204.121,5,-92.44869421036105,17.096105847136585,-50.41066742655698,-0.7550768817274232,0.5530152762168481,-0.3521817104799495,7.571971485891687,31.169933185552818,-111.45513019081383,0.41810054256695356,0.4274629842528602,-0.8015401901513403,43.84533028193503,18.443390778258753,-111.21037768555011,0.48873772290741463,0.28654328357625997,-0.8240323526255499,69.05727065604827,8.271337794814343,-96.79483172217263,0.5974601096132395,0.18352014039441114,-0.7806161587467558,83.38775000975755,-8.292518575607996,-60.71993892145855,0.633013437280771,0.10807754252277049,-0.7665586801982032
0,29.297811673593095,88.36946164176943,-19.84208611863437,115.811,5,-75.35004507232577,6.876924688702889,-28.28256613895398,-0.9314039008808285,0.13677237570848608,-0.33731190075806794,-14.666650586272638,13.48198049226976,-100.76711859533407,0.2211245992824865,0.2708180415288683,-0.9368893244133032,19.61870793919732,4.186835651986681,-107.1085038618297,0.41670177432674593,-0.007544783632468535,-0.9090121936623672,38.94847436719568,-12.200762555555482,-95.0279869429566,0.2695491158285775,-0.16658401773595707,-0.9484682941500818,67.1189462464329,-20.146273948540966,-58.56492983950027,0.6701457206402558,-0.15217346716985525,-0.7264624867514118
0,-0.9787426135136794,-66.54706735697654,-20.25428102183544,85.4616,5,-66.94047066838979,-13.319174352006092,-5.477400562789928,-0.6369332292837317,0.14739307691656311,-0.7566969679734765,-21.577768033174166,0.8320940975052462,-81.25469076616398,-0.0028219247664908118,-0.2607388819060456,-0.9654048521682416,18.364300387086292,-12.7092976688482,-88.12547884912378,0.23044356630752105,-0.39929935363964403,-0.887387089831952,43.778773197108215,-7.677500797968944,-76.98391770138257,0.31928283310178796,-0.2493083025581735,-0.91427765968334,68.82025030769502,-15.390399895560515,-38.982342090885844,0.6189744289641548,-0.20941232185624659,-0.7569790581437911
0,0.6950236971044683,-105.20702537223579,-26.13224221753146,116.921,5,-79.12835832137063,-17.22382421974308,-2.5831123970368566,-0.5295449919699939,-0.2229008982815025,-0.8184724917709773,-32.543066584643285,-6.07292396135537,-83.7397272048973,-0.13481917939768287,-0.33161482271492515,-0.9337315389491129,11.868961656549107,-12.936842992774947,-94.71753723621197,0.16523381478458227,-0.33257754165662884,-0.9284873654683524,39.44679512649862,-5.201347473443649,-84.86370220744612,0.24584162305828317,-0.21447788373789614,-0.9452829651238709,67.9835540166084,-8.51492026885892,-47.730396149836466,0.5514429364314545,-0.140673085625464,-0.8222663212533151
0,-2.50866495850354,-52.441219883923615,-43.3244036235287,82.3409,5,-83.2721573579232,-9.950081528035362,-18.57620809275111,-0.5790533952736002,0.26167928014121256,-0.7721530374698321,-38.77953856616168,7.840358494007541,-88.60509697778947,-0.2010636568099194,-0.002423480332836507,-0.9795752177282226,7.271034679504089,10.608020307169964,-101.72045738434804,0.041643213088637915,0.09908272960382451,-0.9942073637643654,45.30670407036948,16.590205513483248,-82.35856224754538,0.2486614841811449,0.2838924040386219,-0.9260520584216617,74.66772589222373,-4.097624809679068,-48.726771868402146,0.5064220249353152,0.0475759313160426,-0.8609716887156169
0,-8.430097137544571,-49.18683801079993,-45.32161588298052,82.9175,5,-85.15029018219174,-7.006328643883991,-14.204716533600056,-0.6067633054103327,0.44712783127125916,-0.6572020662316687,-38.12513872937985,20.206604673059793,-91.14549600624093,-0.14877199343460956,0.11873285980721035,-0.9817171130582786,10.560976468958458,13.992782722702485,-101.15156228142402,0.16911731090891216,0.06922762249917502,-0.9831610694515102,42.37628003361771,10.032775883477068,-85.17590707946592,0.31859085069076004,0.1426667663594047,-0.9370944300238241,74.64921328433363,-9.488416214738002,-54.45328916595814,0.5427227503006316,0.0088299938918108,-0.8398656318530816
0,5.052374600911172,-11.467145520263044,-36.21453360132728,64.7826,5,-66.44900673983766,-13.40216012603707,-46.24621390500523,-0.20111073315968833,-0.18396738219018344,-0.9621384831779948,-32.881156966508286,-0.5479315608351518,-108.64940391041426,-0.11051765443867347,-0.14696458050900463,-0.9829479970981047,10.673745353173407,0.2956224050516154,-113.32408259023806,0.12941269377010656,-0.22258018786496608,-0.9662872334120689,44.2338603610222,-2.915201635384861,-99.36719261260687,0.274616917656228,-0.11070922358425984,-0.9551590978299644,76.64310069841696,-13.459239894808398,-54.824894055312306,0.650840808074673,-0.1678407796510637,-0.7404297224739285
0,5.7748998542794325,2.009138616696032,-40.5961223866864,67.7951,5,-72.60888613881616,2.4221082570116685,-30.336185698793066,-0.283186282164318,-0.21335681424578284,-0.9350318534626653,-30.138611536213844,23.535652833692403,-107.807828453675,-0.06568351706915743,0.23889074971902916,-0.9688221105621462,10.298287429747644,17.451841251048187,-116.29020993622946,0.28344506809035663,0.21000461309316737,-0.9357121909405841,42.53446308014627,-3.662871919447511,-102.49939210934484,0.3712680179620078,0.053213317762996454,-0.9269993395830725,73.47690528840653,-32.63596241413901,-64.59929630755504,0.7003737064905631,-0.25056551676059624,-0.6683509681927242
0,3.7775477491157043,-33.885797949283806,-30.607472455069402,70.5094,5,-85.98663071588862,-3.347802292165925,-17.811590382036442,-0.8730696189931211,0.3461302272695737,-0.34343016768260826,-17.629899232612452,-4.4894582931502125,-102.4356029503289,0.1474133112429272,-0.23667940237022628,-0.9603400334626756,12.529799709748238,-6.6526153343541985,-111.50990200266573,0.19046035223911084,-0.26272099711564223,-0.9458876790289381,34.542432519208454,-15.068840881288892,-101.59880052126672,0.17310668385664094,-0.3174035649939711,-0.9323569691010305,69.8323167425369,-32.22238432664106,-61.90100489450624,0.5262800416457318,-0.3960484985264811,-0.752445486969835
0,6.935344209585745,-14.849047581192165,-13.339957016608174,61.4386,5,-89.30327865907638,-11.519212033425552,14.020305470038219,-0.984174585453026,-0.07157315843950272,-0.16210239068660465,-37.60161033934482,0.6683682371278428,-71.50093334328885,0.01540181075088985,-0.1524513793245634,-0.9881915495425297,-5.441342346159186,0.9755904995059792,-85.66483590800851,0.1763115890434778,-0.23846460156967372,-0.9550128754331978,17.923987146790587,-5.209035968531573,-81.47670376626125,0.04912284265548736,-0.25521812212775025,-0.9656346984368742,60.47478824604753,-24.996788800512526,-52.05292159428366,0.402053591975563,-0.38231357286076917,-0.8319795150933554
0,12.44195678916331,-29.86489969648603,-41.14034041878358,70.4494,5,-68.86706982578849,-7.258911634854472,-35.41125925469033,-0.39254124783395417,-0.5010590957868709,-0.771265779294814,-9.46333307143572,-0.11507609443880873,-103.67847339626034,0.17765355265029778,-0.0711195332124421,-0.9815198158388669,29.033912532832662,10.757480462101494,-114.00338268493965,0.3068436053329847,-0.09455215003738174,-0.9470512513404727,52.4706340984393,6.4829607725695775,-101.17763029322295,0.30871217679516855,-0.14142000269864613,-0.9405828220401938,70.6869890396423,9.040310858841245,-64.65227694533677,0.48360586273372164,-0.12103995561368026,-0.8668764343818571
0,3.8895210108092253,-78.35717931687584,-35.161166713284814,94.2493,5,-86.24709919129062,-1.6239248564207895,-6.942067427528,-0.5064845095675937,-0.18003811846841186,-0.8432436013765086,-32.06925376201282,-15.71277689195617,-92.14734292008201,-0.1320642643197533,-0.3546683163776088,-0.92561849881469,16.931368917301157,-8.03710079684942,-105.5056571955622,0.13242275240711998,-0.3246458322808148,-0.9365200182420959,41.38508007848579,-5.90836253214902,-93.57191457491916,0.16206500980683397,-0.2822204324671292,-0.945561291791105,68.22328663123018,-14.968994534748514,-59.44181771019156,0.35648888474259116,-0.26324769897567313,-0.8964460682645328
0,-5.730284967811148,-113.41596508062062,-24.21049336685703,125.351,5,-80.92475099408347,-2.8817541771888617,-10.62203309902346,-0.6014285691451454,0.014632107610099651,-0.798792118980211,-36.2014560152297,-11.688605403424956,-87.49058768519781,-0.1759263203275343,-0.31215338348997235,-0.9336002152492263,14.291570947537023,-9.413942044327685,-99.91703711992764,0.12171589949543683,-0.3458540824712179,-0.9303605732862367,40.90653202741714,-9.464436226256181,-86.85040614354027,0.17286537152937279,-0.2908447449336813,-0.9410248963004219,69.0109817617202,-14.220290995951522,-50.186307720401985,0.4058282489188617,-0.2003045427488614,-0.8917294427098423
0,-0.843164329040599,-103.43738256728443,-16.421709459240535,117.821,5,-80.31634497070087,0.6661872044803028,-2.3365448260110466,-0.5356377813906782,0.01990211468426302,-0.8442139659813448,-28.695365195366033,-19.329776919008815,-86.2060211075317,-0.028494677768247684,-0.5180307549558917,-0.854886882776135,14.407693395915535,-15.272453205592367,-98.24896781892943,0.14303499596763314,-0.4394906168831428,-0.886786101349248,35.55739308198315,-8.399305476546147,-88.30577675235784,0.1346690920219322,-0.34618517375334745,-0.9284501190903837,64.59600324652187,-10.957139676955254,-55.1194993338956,0.33146152526279576,-0.28990984402038367,-0.8978231495872515
0,-5.029543796970769,-99.11904892365712,-19.22761497232281,114.354,5,-79.20838815325513,3.539248253497072,-3.8521644880918875,-0.4160076942786232,-0.05816906198911177,-0.907499223383843,-30.947361664672016,-15.398311708503597,-86.49022837849165,-0.08357284914173499,-0.4095816176102777,-0.9084372073875271,14.917891133556395,-11.80913897533233,-98.26898144321085,0.13623463242098238,-0.37433009842650405,-0.9172336604335621,36.51033388546492,-7.507664884808315,-86.9426892261746,0.13789010199282722,-0.31619839563908336,-0.9386181937560741,64.87787515516149,-12.389507006817949,-53.28815237216618,0.33101477897526255,-0.24195009698867617,-0.9120798820503642
0,5.142356378448284,-38.937302275885095,-27.86121911032879,62.261,5,-83.56743898018128,-8.329254715600449,13.1885964994842,-0.6242593765714156,-0.2551146978408315,-0.738387872115816,-31.886813998279912,-27.822953858416206,-81.97124180522951,-0.14638781564816597,-0.24914246920768934,-0.9573394286661541,13.626419784866172,-21.16058608148111,-97.30552634103715,0.10666718862705354,-0.3568177681290209,-0.9280638568386167,39.1172630426852,-15.051366399970801,-87.0561914413504,0.1573174647903086,-0.1951195622076978,-0.9680808101167073,72.15267621276028,-16.33051885465632,-51.874514842301515,0.2952770908185267,-0.12652675415529557,-0.9469963270058955
0,-8.104338820779649,-95.86200895567139,-19.726714247982574,109.78,5,-83.91045684125011,-7.298698088962588,0.828822314362903,-0.6184829629686502,-0.15217229116982334,-0.7709233274872687,-30.076244944799974,-15.486402452459464,-86.0101883441766,-0.10833991535318223,-0.5122458465594362,-0.8519775530334462,16.091660251325642,-15.886613377706649,-97.82952129654495,0.1021416065688479,-0.47134080293492403,-0.8760169990693291,39.866380210979194,-16.775472432691693,-85.8198995526884,0.12832187491138786,-0.42257375460440694,-0.8971983890034564,66.62697000682041,-23.642741750634205,-51.265872137153465,0.3415197453099123,-0.378098462778733,-0.860468771534655
0,3.6004908833214637,-91.03023208593594,-20.67237138524774,104.84,5,-89.25898035450578,-6.381118126513419,-4.642188098224416,-0.7163964125312331,0.004768709555668944,-0.6976777529673251,-29.55083102912427,-23.025603139736358,-85.25635872543089,-0.05654274484579241,-0.5445376064953014,-0.8368286111090221,14.709293322720393,-14.300409599821403,-99.45428556072046,0.12960770597155788,-0.44383644134342504,-0.8866853836596088,38.86929989449296,-13.138006860739004,-88.70412062970344,0.14274354187445792,-0.40759028820907534,-0.9019396811440336,68.72711203632329,-16.839656769473248,-54.95555866291291,0.35868905282275376,-0.3233366303704591,-0.8756690419578256
0,3.7640263018655062,116.06741190452306,-24.078843807305383,127.728,5,-69.08621216225521,16.727756634369513,-55.02565094629225,-0.4039403542860276,0.27606080333712013,-0.8721364018322436,-38.5770605101192,12.38373697819138,-89.97378183899788,-0.15910306685934517,0.3545377642597964,-0.9214060382552397,-14.658130212724,11.80341822956162,-101.56765630607451,-0.14499694748487585,0.4105493334193812,-0.9002360338224528,30.658253187620204,15.0416044473,-89.36568892485946,0.05845529680842176,0.434589009200507,-0.8987298689150379,88.752511687574,10.61033048747848,-7.707553600303711,0.6694131014935506,0.07670486398141117,-0.7389202846054295
0,1.665251055075199,-119.5281186837195,-28.919170064104126,130.143,5,-91.46534787966519,-3.407295481138604,-4.27848749189978,-0.6966503746870354,0.025782862247450578,-0.7169471465943156,-32.699357140596206,-13.62287621845417,-89.46926023820032,-0.07797259069426042,-0.3157264944077092,-0.9456406547919949,14.439715121834048,-8.464101396470173,-101.98814083805493,0.1706525935356984,-0.2908919957536136,-0.9414131693185614,39.37724706132136,-5.392172602141544,-91.42843627686497,0.1957649377487208,-0.18112014492265546,-0.9637801917795958,69.52067038282405,-11.04773426023067,-56.39393400207568,0.42183423111223084,-0.14888931209182646,-0.8943643478112064
0,-0.2800259805235479,-89.46214110474074,-19.117776057587356,105.496,5,-76.9608825440823,-5.95203431973704,-20.357050989154708,-0.5595169095719937,-0.1628131191443999,-0.8126702323417917,-29.967942666562983,-21.669274099113373,-83.76899974043775,-0.038623276388892014,-0.5523493710520775,-0.8327180570761669,12.33587224502531,-13.676372596343192,-97.56079921378647,0.12059149099681862,-0.43263011919762884,-0.8934704799651717,36.334220458006136,-9.07558887734952,-87.84452610988744,0.13442376349813503,-0.36290602312922055,-0.9220784503982978,65.8543363943915,-12.15971652175605,-54.7390261321595,0.35913705202620644,-0.2782485326018237,-0.890841530679757
0,-2.3276895994683455,-21.9793665261545,-44.01391940429149,54.9991,2,-37.74538941289232,-6.1007949765704,-97.06488127522171,-0.13074448008627867,-0.14364613275940927,-0.9809545885368584,27.76903760310129,-5.647493174162618,-98.09181318063017,0.3600152204125346,-0.16491095957587643,-0.9182558137907051,0,0,0,0,0,0,0,0,0,0,0,0,0,0,0,0,0,0
0,-1.0441334206738182,-20.62093282479298,-37.819387689453606,56.2986,2,-36.08232356438122,-5.095069458575647,-101.393524973627,-0.06737467573579735,-0.15765075636550246,-0.9851936073665292,25.458216422053468,-9.221975094046273,-99.99285924836137,0.3560217684471813,-0.2602934669073704,-0.8974941494216425,0,0,0,0,0,0,0,0,0,0,0,0,0,0,0,0,0,0
0,8.827639938492005,6.872215391431197,-32.812096898249266,56.5927,2,-27.521248639563286,-10.074987643501906,-96.49127090450651,0.05779948261918355,-0.2230492639656408,-0.9730918574082946,35.56614173938787,0.8100870151000663,-94.53309983414051,0.5244349390668155,-0.2440659965142526,-0.8157204566237597,0,0,0,0,0,0,0,0,0,0,0,0,0,0,0,0,0,0
0,4.529155447364428,12.274909150229885,-40.9038127491568,58.677,2,-27.277891071030332,7.7990935642823445,-105.04324170141732,0.12182382290081675,0.07365852749034596,-0.9898148593165128,27.447899077681704,14.416478367631516,-102.4377316815773,0.4051565362317507,-0.15169568961547691,-0.9015742508207064,0,0,0,0,0,0,0,0,0,0,0,0,0,0,0,0,0,0
0,6.107742686128674,48.51850730429636,-24.84228077638956,73.2405,2,-21.31454226549024,11.892627711414427,-93.86098309164838,0.2878426127242208,0.06618360384005964,-0.9553882117295741,22.74619921599696,16.794690233841827,-93.92188369148239,0.47963992999902355,-0.1283338780616486,-0.8680300429254663,0,0,0,0,0,0,0,0,0,0,0,0,0,0,0,0,0,0
0,3.818812857131546,21.31906529888964,-37.88401831437452,61.8417,2,-23.612790227198268,2.2785377304739174,-103.90817386923658,-0.0018536916974657008,-0.24013479325532402,-0.9707373803765369,33.600945199200375,7.2091345040056165,-98.26843361570062,0.313538007173662,-0.10093750209656002,-0.944196218580287,0,0,0,0,0,0,0,0,0,0,0,0,0,0,0,0,0,0
0,8.357865680909573,3.8660035335582643,-39.163293188117876,54.1426,2,-19.194632653586226,-3.445451207059114,-99.27404571106993,0.027687278665389392,-0.23635235552309652,-0.9712728450048334,27.81041885221732,4.364844376337744,-96.51795189250822,0.413789892568982,0.005470534599855088,-0.9103555064553072,0,0,0,0,0,0,0,0,0,0,0,0,0,0,0,0,0,0
0,9.89289112932521,-6.12846315210487,-42.67878587870436,50.7857,2,-24.242696518087616,-3.198453725168684,-95.23180875668471,0.03133598830142123,-0.18519330997694367,-0.9822024061581951,27.245049935391457,13.118470417068902,-98.93745351591235,0.44309877399686615,-0.10330248163730275,-0.8905010412655563,0,0,0,0,0,0,0,0,0,0,0,0,0,0,0,0,0,0
0,-0.5733716740565351,8.93572692284581,-44.28737425495346,52.0347,2,-49.22708341850395,-1.7509210002778406,-88.07535582000747,-0.23796487145037226,-0.1816621063736282,-0.9541336442037368,6.929104560934691,9.692145502865678,-104.0063139270448,0.16945956405806756,0.09755404796607234,-0.9806969784330333,0,0,0,0,0,0,0,0,0,0,0,0,0,0,0,0,0,0
0,-1.0050592900435527,23.260460366887756,-46.38248870314318,55.3995,2,-35.80285958277442,42.859574349877256,-99.8858110603443,-0.3079200805223929,0.24784260780766554,-0.9185637331275236,33.7419336325443,23.685005181725383,-108.25995119257786,0.3673342559195463,0.15960828093878626,-0.916291974480729,0,0,0,0,0,0,0,0,0,0,0,0,0,0,0,0,0,0
0,5.053892019933364,-8.051626186132376,-46.60352875225657,53.2548,2,-32.46303352909198,0.5441227702628846,-103.2354658984486,-0.24543636738939945,-0.07757286203823954,-0.9663042239253,30.597238118484793,1.780850690779311,-104.104358316632,0.30885169820989755,-0.07645868713130916,-0.9480324886844613,0,0,0,0,0,0,0,0,0,0,0,0,0,0,0,0,0,0
0,-2.2768576812904433,0.9550933546773815,-53.2068558866344,51.8055,2,-16.909316073995512,-56.49536296158336,-60.84528339648541,0.1260918800006752,-0.8341888883555989,-0.536870184247392,15.928976843857189,29.8270103215739,-105.61972528663624,0.23164293142293005,0.3493926342682478,-0.9078911006981394,0,0,0,0,0,0,0,0,0,0,0,0,0,0,0,0,0,0
0,12.525623430371898,37.68240151275956,-17.474540056942562,70.4214,2,25.585827300920904,18.303304429468135,-97.22509250008272,0.46320113758473486,0.17398527824410936,-0.8690070379367052,80.12579861478089,19.214525909555274,-57.85950909595229,0.7676735429999264,0.3454901092103569,-0.5397359532861916,0,0,0,0,0,0,0,0,0,0,0,0,0,0,0,0,0,0
0,0.6239529857370663,30.87037764241706,-44.98469986193652,71.2271,2,-12.67338991272319,29.5617674788265,-127.2190970320796,0.12259923165078224,0.062371225004313025,-0.9904946225336547,29.315793946956326,-39.22577153527302,-83.59442351545978,-0.0715632432848068,-0.9664587082605763,-0.24665013733595567,0,0,0,0,0,0,0,0,0,0,0,0,0,0,0,0,0,00,3.466143381068504,4.217493715958444,-47.94916702390786,52.3429,2,-21.826324205409662,1.127623139798053,-108.87855904899214,0.00892897868993036,-0.12006379854279416,-0.9927255152684573,23.638834253341233,-0.42474046733960047,-104.15616457458675,0.26815903350602877,-0.3256524686499591,-0.9066651597636768,0,0,0,0,0,0,0,0,0,0,0,0,0,0,0,0,0,00,1.3438268119656853,11.163108892804434,-47.351458007517714,54.0222,2,-22.992049793686927,8.883187112455031,-107.77688341925894,-0.022652586959999096,-0.11110057868662677,-0.9935506315611237,21.06441293134622,5.914131034476294,-106.81228359883322,0.2384344426777791,-0.31717311392834213,-0.9179054723308535,0,0,0,0,0,0,0,0,0,0,0,0,0,0,0,0,0,00,-7.101388270650826,21.3403427809235,-26.175756018922186,67.09,2,-37.09289509134786,0.8163647860172301,-95.58066907772691,-0.5503651064091983,0.43830733419210455,-0.7106221962861814,3.2594690111597027,-0.33781059836521465,-101.22378728137402,-0.474667229207716,0.2860008117573309,-0.8324031577375298,0,0,0,0,0,0,0,0,0,0,0,0,0,0,0,0,0,00,9.237787074350152,4.284349901732634,-28.35181884233324,57.1746,2,-25.896385130928774,-5.565470469319401,-91.91956434865236,0.15915478018456236,-0.2945015278143431,-0.9423050720065393,23.971332391458755,-2.415518779722948,-96.09842163725943,0.3665223571327974,-0.3164002308087733,-0.8749579690828133,0,0,0,0,0,0,0,0,0,0,0,0,0,0,0,0,0,00,5.4141103277629234,-18.212702645165503,-36.541666031985876,55.4418,2,-9.062225284751156,-0.564313464837161,-98.46427866964447,0.1185358147154635,-0.22166102980635988,-0.967892518740549,38.25612988369754,-10.65644962548593,-93.99826359606188,0.3840577684089618,-0.33580230261895516,-0.860079235681047,0,0,0,0,0,0,0,0,0,0,0,0,0,0,0,0,0,00,0.6113471268075855,13.880163174156952,-36.016612420788725,56.955,2,-21.05520198361286,11.123469867969524,-101.60429887610844,0.007745732851579186,-0.03784107621858461,-0.9992542996826207,30.757324662024704,-2.651494569649973,-97.91300901653395,0.34307569883826294,-0.3041509640692398,-0.8887020488084761,0,0,0,0,0,0,0,0,0,0,0,0,0,0,0,0,0,00,10.728172802802382,5.024208778030987,-36.01383990539263,57.5113,2,-29.96280397739452,-8.691974069924338,-91.81053977491243,-0.12970820505820332,-0.20508628773336074,-0.970111042807119,33.263398813969864,-38.722783450917916,-84.0906399615967,0.33247773025061034,-0.5624215386852334,-0.7570611197283379,0,0,0,0,0,0,0,0,0,0,0,0,0,0,0,0,0,00,-2.1396284418060105,-13.159644771281565,-40.98046624024166,53.5811,2,-32.11363420421907,14.600058680897634,-94.40845262244001,-0.16465513205083773,0.016852012977583826,-0.9862071815789616,29.551527955265925,-16.08475230550274,-96.04402942383929,0.28272113006175925,-0.3831017096447031,-0.8793760967284201,0,0,0,0,0,0,0,0,0,0,0,0,0,0,0,0,0,00,-7.575075148213541,-3.420559842321388,-44.26821379962477,54.4915,2,-26.55044135493844,33.91704656517301,-95.94866204505466,-0.12088203406094421,0.11922882710967843,-0.9854806628637245,25.73656437344604,-8.885340050031221,-99.87888617383075,0.2070915761962445,-0.38215492714477606,-0.9005944510530325,0,0,0,0,0,0,0,0,0,0,0,0,0,0,0,0,0,00,-8.041195379269107,-12.141867533846353,-40.43253243883544,54.939,2,-28.7593724005339,21.687054809029803,-95.44679618504668,-0.13700992894477845,0.01598029358265224,-0.9904410103986754,27.803654939837692,-20.063346482654396,-94.59636160457599,0.24160355645622852,-0.4796788882824209,-0.8435259776336664,0,0,0,0,0,0,0,0,0,0,0,0,0,0,0,0,0,00,3.725439840869312,-53.75933398908962,-37.47098039473251,63.7846,3,-52.925110499300004,-13.824153808230886,-56.073512794573425,-0.3590252805551224,0.03522286312192009,-0.9326626703027247,-0.661417473606161,-10.690210960385386,-104.9730758518485,0.15106590158080954,-0.2822234175445558,-0.9473806160287623,56.53852717708946,-25.75327234191614,-83.91237523022747,0.5321390900124471,-0.45236101673876067,-0.7156803028460322,0,0,0,0,0,0,0,0,0,0,0,00,-11.946207597704298,25.13320153972708,-44.25273952984137,62.0214,3,-62.32918124867969,-22.795443760279845,-45.79547638076376,-0.3544231550416125,-0.7916648350830456,-0.49764566043749825,20.142072019294776,-10.986474468254029,-32.4349523042339,0.17866205795816242,-0.3662003369686403,-0.9132229688943435,33.58086801722318,16.136308399061196,-108.32033474722137,0.3315984375384484,-0.21145727583598203,-0.919417752358565,0,0,0,0,0,0,0,0,0,0,0,00,21.540430664902594,12.377847484085194,-34.851943630036345,67.0697,3,-58.33496164296009,-1.964849891029874,-74.62719834450442,-0.1976987429489388,-0.12228848816851301,-0.9726047306706145,35.83449295353502,23.15043132036971,-101.46654747370768,0.5462609069376291,0.1472115270130399,-0.8245773524874168,82.68173775071521,4.452845017148674,-77.29167745103655,0.6558367537706621,-0.5723040716840405,-0.49228658802338776,0,0,0,0,0,0,0,0,0,0,0,00,12.175717452873098,3.8757962323712323,-35.071697533451676,65.3106,3,-65.2226191049987,-1.0730455362015496,-66.29880098194369,-0.6365482919967111,0.7693109039858699,-0.054467236560146674,25.20703359577311,16.823940560503335,-105.63891081923812,0.43905824475178745,0.20125447032679555,-0.8756286439803955,78.31449177564747,2.1821298006093617,-80.69551821790385,0.6959680486664278,-0.3116318883227319,-0.6469271826611162,0,0,0,0,0,0,0,0,0,0,0,00,-15.407988340676127,-66.81953369275527,-8.349148219804922,92.3934,3,-54.298428721140205,-3.975287565527874,-83.47325241528866,-0.5867681770934686,0.039575073783498414,-0.8087877270900111,-13.545238127953755,-15.088773356468991,-92.13498950145939,-0.3715389011298835,-0.2248056703863019,-0.9007891165763227,56.72098477881229,1.8253893093311089,-42.680855278813986,0.4102568938855378,-0.0012415855605784351,-0.911968906472564,0,0,0,0,0,0,0,0,0,0,0,00,13.18973118853451,-0.011803257434901848,-33.0858221926689,60.8273,3,-49.69135915648606,-4.470731411693197,-65.86406462590617,-0.009755591621388712,-0.09441457908581564,-0.9954851144508168,28.825338371021513,18.7704658109267,-96.8245851188372,0.4991902300744423,0.07429491019469495,-0.8633009774408797,76.14083547221001,-8.86066034176588,-67.0388891126755,0.747589250974758,-0.39961460446838704,-0.5304894020388774,0,0,0,0,0,0,0,0,0,0,0,00,15.19621376194496,-6.547255786126014,-27.224347021919723,63.8289,3,-35.79126942561451,-1.3146656165887016,-70.84941187786674,-0.42522204464639557,-0.36485188945450603,-0.8282926309832842,38.75600004095733,27.99683467408544,-86.57725131542811,0.5711771267328278,0.07256072576689905,-0.8176133414019173,81.1502209632264,7.22533722161768,-48.8943044465651,0.6609636874380029,-0.7220697348268439,-0.20430793923353777,0,0,0,0,0,0,0,0,0,0,0,00,13.981811546294313,-7.270393007556328,-38.4052091003886,54.1767,3,-55.12722273062601,-17.779147303993064,-48.87192604949095,-0.27185219174062075,-0.5578366054692447,-0.7841652496287769,17.11924790103066,14.915838596825221,-97.51334237235707,0.32200633453836586,-0.0690963093656922,-0.944212837977856,64.28812810199655,-4.930488407541512,-83.64982510426651,0.5929186908329408,-0.3483385399997532,-0.7260216903425011,0,0,0,0,0,0,0,0,0,0,0,00,8.082375177372247,-6.751108675176097,-44.641112327677696,55.2642,3,-53.860626898871985,-19.39908824666793,-62.0822449636663,-0.4178394679822826,-0.14645941552186967,-0.8966384167535236,10.242242521048624,35.450085834808476,-101.19225238185096,0.25554449213179525,0.15580768612640225,-0.9541601379658601,65.82352638685488,3.226561201561119,-79.89685568681094,0.6950291010457621,-0.2813458576968956,-0.6616478920470523,0,0,0,0,0,0,0,0,0,0,0,00,9.984133447195656,-2.6657974319510727,-33.32262512970548,56.509,3,-56.66705116074339,-6.218199275204268,-58.722276917575094,-0.8414019573702275,0.02726685526932897,-0.5397211011914985,9.77632726763057,18.17797006885498,-100.54302969152454,0.32077789158580716,0.09832494765905549,-0.9420369530223311,66.39969808151136,3.7708390651543136,-74.3450181968344,0.7807279642907518,-0.13179577915349694,-0.610813965282991,0,0,0,0,0,0,0,0,0,0,0,00,-6.532177734273713,96.67993395797157,-32.58586644145004,111.055,3,-88.73657475553664,21.36289816205153,-65.95017987305918,-0.7391991721683134,0.23412286317166042,-0.6314826630114045,-28.61266754526436,6.474424295718925,-99.94473752380905,-0.286098770634742,0.09225935028957331,-0.9537483709293695,54.04992822529081,5.05832244435765,-65.25598711160346,0.19776602057311843,0.4521071136323523,-0.8697629560242821,0,0,0,0,0,0,0,0,0,0,0,00,18.462221021367256,9.72694034288118,-34.14325878177266,59.0326,3,-69.13351607473341,-6.3415491073558465,-55.62966772209658,-0.3841123141190797,-0.1204787986833224,-0.9153924321791701,14.445828570461744,4.730723177156899,-102.86656522415198,0.1674817453444928,-0.024681697354715853,-0.9855660542926794,74.89563092019321,-14.177116512588622,-76.1920462849991,0.6999992451184699,-0.16376768030425456,-0.6951122346544648,0,0,0,0,0,0,0,0,0,0,0,00,5.5089158911244756,-18.039004156159987,-49.55032360309081,61.1219,3,-64.50811499253099,-8.737751134540211,-59.908021725375214,-0.43716681987130085,-0.0238649750993868,-0.8990635611101725,7.093205375484217,28.097620260957235,-101.10709417029277,0.16446487988679342,0.1491208367444711,-0.9750458762262046,71.9588650255699,-7.779069044433729,-77.40163997638281,0.6655826421943403,-0.2017468830061978,-0.718538521119696,0,0,0,0,0,0,0,0,0,0,0,00,7.88435064289546,-21.83577523642908,-45.94166178259563,60.3233,3,-54.09115193916981,-19.251591152460183,-61.65811052596501,-0.47552553795742963,-0.2711586997324822,-0.8368688262345779,12.730555989357395,18.046336225517603,-107.44811326749961,0.20363352221491043,-0.10725744700554742,-0.9731546604328605,62.772642901534,-13.180959793773026,-84.76158537428,0.5130437945857246,-0.5080254026635057,-0.6918785162623187,0,0,0,0,0,0,0,0,0,0,0,00,4.792452822067734,-25.008467509338704,-46.17708702749735,63.0404,3,-68.24217154367913,-2.9579527170492796,-54.463528254205634,-0.2201931648781064,-0.3589535257294604,-0.9070103885163043,16.546154758295227,22.616104644496925,-104.5830725448126,0.251954753095306,0.1514438919082879,-0.9558155214926879,69.01388803337599,-17.774057452594782,-82.09905845311702,0.6207777404303564,-0.40293743104677016,-0.6725150631469046,0,0,0,0,0,0,0,0,0,0,0,00,-7.0098839567796976,1.8464980933499289,-20.51215969330707,74.3272,3,-54.33349914284989,58.417531315319145,-66.72177523693054,-0.2231753010969179,0.9183978470225836,-0.32670655121770714,-52.84954136928794,6.729450453315309,-105.30593036800965,-0.5720643183651561,0.43793425777461736,-0.6935106140721927,41.91126490536587,6.602632956289989,-80.94579300078934,0.6621836211599625,-0.22039074193156938,-0.7161986612737535,0,0,0,0,0,0,0,0,0,0,0,00,8.939541752096892,-3.679527810441723,-15.265482760944638,72.9199,3,-37.03929415787087,-1.3146152913678222,-90.90829469070621,-0.4642017575359517,0.09830414033891655,-0.8802577647086713,62.22219866114058,-47.19419894647295,-54.65799028059997,0.4280098907533175,-0.8279249129865931,-0.3624183613152931,62.59035786362304,12.728409502762156,-83.13909438563994,0.8195573517876835,-0.21678008185766065,-0.5304074667475297,0,0,0,0,0,0,0,0,0,0,0,00,8.213862400134719,-5.146424136252403,-17.98537608646115,64.5483,3,-41.60202586634821,-10.293205676210968,-75.61142163967597,-0.2905071543136422,-0.14434379690788973,-0.9459234259948825,61.46214555479264,-38.319936821412625,-67.63127073456815,0.38692889624463933,-0.735959554675177,-0.5555621833199352,63.236947317317586,22.49183217413143,-81.64140946687178,0.7634868259604889,-0.13278313670751327,-0.6320257233688238,0,0,0,0,0,0,0,0,0,0,0,00,4.839639028447504,-6.176716531215692,-18.881833660090585,64.0944,3,-54.532400956543,-5.574238935054875,-57.640450292998885,-0.5185661646527263,-0.011832542901275524,-0.8549551239296026,44.40423866630644,-49.14662472045865,-73.79585565753936,0.2247714765655548,-0.797241928767495,-0.5602529261919238,44.60245013911146,10.270110387115396,-94.69082186265157,0.5866560583951852,-0.11284778212065208,-0.8019353686810821,0,0,0,0,0,0,0,0,0,0,0,00,-0.7865273794218948,-74.22848907248252,-34.665421439638095,92.1483,3,-73.3255972217894,-22.357530630946258,-35.182636434101504,-0.40078792140974895,-0.2289494366526743,-0.8871026168351213,13.703967913549377,-1.707455178463495,-99.95715517689509,0.23183802626776773,-0.274811712891086,-0.9331289855122532,74.43859694960021,-27.4136137669372,-63.22750668895697,0.5693036159932853,-0.7049198674248265,-0.42306273851017484,0,0,0,0,0,0,0,0,0,0,0,00,-1.8017655256171703,-33.53163966565012,-37.04781911780487,66.8896,3,-70.10627184346242,-13.932997072801303,-55.72026823678925,-0.45409217642169897,-0.14051213486355513,-0.8798044658204894,11.496844606063096,10.921000527625155,-106.5202569656565,0.17053867161260666,-0.06425485761522301,-0.9832541561322998,63.75865532522839,-38.23709496946702,-63.048037666168156,0.49258961048786043,-0.7601021717819918,-0.423792548354385,0,0,0,0,0,0,0,0,0,0,0,00,2.61085605318233,-43.897691102317594,-39.87505895318437,70.0886,3,-70.83845632111827,-14.849125174611585,-51.67455132629361,-0.3966652888333553,-0.10032375123627736,-0.9124645388707563,10.55031914721528,8.134991363787423,-104.0045392014353,0.17041701121744487,-0.07692138855337206,-0.9823650491689553,70.77020053509274,-26.971198359015705,-71.42702357813373,0.5933631443405935,-0.586442361755387,-0.5513671788082761,0,0,0,0,0,0,0,0,0,0,0,00,2.2408323648755823,-29.615676341162814,-41.09749096926704,64.7807,3,-71.41019506327824,-14.054060553205446,-45.77665189626017,-0.2078995262098811,-0.11741593272974486,-0.9710773550506415,12.533074189071785,19.051067145206126,-104.34190111479693,0.19163181575254418,0.034732185426348226,-0.980851925573321,68.67731161818588,-32.46397150066704,-69.83900417211328,0.5181097080790726,-0.6652266331103663,-0.5376208709396082,0,0,0,0,0,0,0,0,0,0,0,00,3.7280162745477883,-38.27129898226072,-35.81814098189211,62.274,3,-49.79266439754759,-16.13250901653074,-55.3679346853783,-0.28256421920669883,-0.12731888805319858,-0.9507613401385229,10.352226956011883,-12.501951818123056,-102.60731769190775,0.2259973656932792,-0.5365956027449879,-0.81301346111269,51.35130813696306,-34.54829720336395,-82.46874243680506,0.3607157234127149,-0.6388244762698926,-0.6795499002638316,0,0,0,0,0,0,0,0,0,0,0,00,-0.47292697871021194,1.5383860389866304,-32.86370755171233,72.2281,3,-55.1115143476633,29.284042137246274,-101.05062534355518,-0.12309431532220623,0.449393758940936,-0.8848124199813675,10.287116413667928,8.840914867636736,-114.17822887167728,0.2960995725163112,-0.08671912012937293,-0.9512119287007736,30.537327017419972,-64.32769208337999,-73.12846006739723,0.33214360129117937,-0.3904681859783534,-0.8586127063088054,0,0,0,0,0,0,0,0,0,0,0,00,-37.26957924513852,-56.18522026436655,-8.50005601592663,96.3151,3,-39.197636987119964,13.243689490412173,-62.54006456950189,-0.20305769932073056,-0.01925957638601207,-0.9789773824025737,18.267555115893515,-13.545379815459942,-96.0190729417476,0.251247248286065,-0.6500599890778785,-0.717144478867223,36.94468982583065,-43.84306643142997,-77.44486238093724,-0.023799374161057193,-0.8698581720085645,-0.49272664237734537,0,0,0,0,0,0,0,0,0,0,0,00,-5.253456502196642,-34.36444456544209,-6.444709752833451,76.6361,3,-42.54061058554057,-1.4919496378705555,-57.984272749232375,0.24377914404201867,-0.6468677678801864,-0.7225877115443018,15.337342452745022,-11.546356228899434,-103.07443664392454,0.3065092978421313,-0.5566812841701894,-0.7721129767867055,45.705335800582425,-43.22573684315029,-77.56969111014024,0.11853558975792425,-0.8927904483356364,-0.4345977440143696,0,0,0,0,0,0,0,0,0,0,0,00,2.381611158274521,-18.86370988117731,-40.178171530616474,62.8778,3,-47.729970795046995,-20.921335962260205,-82.0430361807029,-0.15361110277798465,-0.3660601672698236,-0.9178253368281528,26.47632688338625,-7.044144268945848,-110.63486568786648,0.2589350983043163,-0.6804178554252054,-0.6855546560115616,52.35704663807087,-35.8466894362394,-71.80289221347982,-0.007418685817179027,-0.9764706463805503,-0.21552067209641107,0,0,0,0,0,0,0,0,0,0,0,00,-17.43115942980795,-25.305293390689382,-46.09272589024982,61.0705,3,-76.07517588983497,-4.746659524198936,-70.14444323745012,-0.5025019904655118,0.6801197220236361,-0.5337876047705469,-42.87832625033151,-44.10031012408131,-102.8227495318808,-0.6517897036881182,0.3526092781841609,-0.6714435575762024,15.987335121667272,14.227072979611005,-84.77952380746322,-0.2768076906996163,-0.04157283606543957,-0.9600253274054847,0,0,0,0,0,0,0,0,0,0,0,00,-4.206918496074219,-12.308957514232327,-15.681284224700308,59.0604,3,-31.0791647908837,9.48760516887722,-79.45346042360049,-0.22476703307385232,-0.22686629383801127,-0.9476349457229707,11.025725616968858,2.8412431021087796,-85.70250095781333,0.11376118652220493,-0.2152422195884498,-0.9699118008718379,27.237901892191278,-25.34334345731539,-69.42989298823652,-0.05793249064403086,-0.5727369124918663,-0.8176900350175842,0,0,0,0,0,0,0,0,0,0,0,00,7.621272172287023,-35.87867519289921,-22.809050642831153,62.485,3,-36.33539204852972,-30.972288230522544,-41.66298750938922,0.14570172709388993,-0.6964665546010811,-0.7026422457530879,10.382065625020397,-29.60362579735201,-99.03222002267984,0.11282334669935296,-0.7847980031794243,-0.6093960903863199,52.846697850842865,-53.0126034527603,-64.12345045045511,0.1424214620792985,-0.9441181165476934,-0.29724965474130804,0,0,0,0,0,0,0,0,0,0,0,00,6.924073975453737,-34.84358791451475,-17.148000234513777,64.6634,3,-42.84825906804814,-29.578231149985612,-40.703210943185255,0.019382431532931396,-0.7192686047475693,-0.6944614180732812,13.352592725571634,-28.79347841124605,-92.98744428881827,0.11652818864362999,-0.8167871057806609,-0.5650486064754805,56.52295118947154,-47.97273037509952,-60.50962004568438,0.17993041670105897,-0.936085733062096,-0.3022713288906811,0,0,0,0,0,0,0,0,0,0,0,00,4.303544756715987,-27.681085352469903,-44.73653076362988,62.3757,3,-63.15512271094762,-13.32161486562947,-60.71712522229107,-0.3865439680571622,-0.10228905952793507,-0.9165809537857035,6.641014715881606,16.02040870559212,-103.70706119088071,0.18233168523767726,-0.06438296080235877,-0.9811265357815456,66.76182178984882,-15.52475085253271,-76.5650816824295,0.6214653790846713,-0.40849327901700877,-0.6685157185518931,0,0,0,0,0,0,0,0,0,0,0,00,11.76448926261648,-15.815339253085591,-23.171473885354757,57.138,3,-38.31579935170771,-16.573889155952138,-67.14711744467529,0.11289450309550042,-0.7006336752224168,-0.7045330967536545,31.894721813752028,-11.387732680682117,-89.68861003693031,0.3718703313226444,-0.47086548371422543,-0.7999980239891473,65.26958930519834,-23.635131869966948,-66.33841243012883,0.5496588497282545,-0.5697637000088462,-0.610937818179254,0,0,0,0,0,0,0,0,0,0,0,00,6.729201528684743,-57.97361076789309,-29.62726718511449,80.8818,3,-63.92997777436103,-14.761846648332963,-42.22881647318129,-0.6918305737327162,0.0668536144748417,-0.718958180609489,7.479875470764612,-0.4825899386597604,-101.38571742284866,0.15039609661622258,-0.20682936866013868,-0.9667484956193306,64.70440273979557,-19.60311021602143,-80.16935597368924,0.4608852365024162,-0.5514934471144204,-0.6952975806789155,0,0,0,0,0,0,0,0,0,0,0,00,2.627139912599885,-41.064848819221,-35.91666881304881,68.8152,3,-65.02891186762044,-7.217373459040314,-48.75154876127484,-0.8288583435327337,0.06118702559983,-0.5561022955179947,11.269031953521148,0.08092244146093347,-108.8202798280703,0.16303432205248594,-0.23692552742024653,-0.9577503246689708,61.54432642469115,-37.45984199666035,-82.33485111153625,0.3609654387425944,-0.7386066727094713,-0.5693534447895975,0,0,0,0,0,0,0,0,0,0,0,00,-4.85695397585347,-24.879743742397704,-14.120338756171947,71.6247,3,-44.04089186984663,-17.50689572310166,-76.3210932192327,-0.5788913562558426,0.13607630976961785,-0.8039701038874145,40.42922354257154,-22.28965077471322,-93.25918436253855,0.31075236568723485,-0.8330094994647316,-0.4577426447888492,44.246948262107324,-56.84209746877274,-56.01153149033618,-0.0006898228010419061,-0.9805177977733759,-0.19642826098130214,0,0,0,0,0,0,0,0,0,0,0,00,4.181295566343508,-24.917630507741773,-8.219115874990784,69.6625,3,-34.464243156295005,-16.37931022929928,-74.74620650023701,-0.3902466385428824,-0.04918677598435699,-0.9193960015356198,37.656511716415224,-15.241571465960542,-82.0775869607496,0.19242614961287974,-0.8761592793168687,-0.4419462620524087,49.56930393729634,-48.631967886458156,-55.552450656575516,0.08617071994667752,-0.9478166906989131,-0.3069491999752106,0,0,0,0,0,0,0,0,0,0,0,00,8.043327721653139,-6.84034021114385,-30.770781527058794,56.9015,3,-29.46709379447786,-23.032363091978965,-62.709611287947965,-0.3088268768150034,0.12334303217963222,-0.9430872288811167,3.7756502420630476,8.584579102400143,-101.60373790630995,0.28790698134703535,-0.5037683601312344,-0.8144482902924616,40.71643673403862,-19.85161799086139,-90.50449818786815,0.32668147630321287,-0.6495216578612446,-0.6865863147926284,0,0,0,0,0,0,0,0,0,0,0,00,-7.648625597323625,-20.829497106381297,-30.19858234954744,69.9937,3,-16.601441526045843,16.908860187200666,-31.68584736545573,-0.4177673326479935,0.8657545941324651,-0.27557034503860567,-3.0581257854014785,51.08924354162352,-83.60136815552241,-0.010903671253052166,0.8711064094561425,-0.4909733975101074,37.445674978613575,4.982787085212635,-97.59148522837076,-0.00665684912988166,0.5107256083537073,-0.8597176945895568,0,0,0,0,0,0,0,0,0,0,0,00,-4.986515748420731,-60.21150605711671,-15.684056500615721,86.0331,3,-34.06725581805338,-13.414404888158867,-88.9440214868529,0.20106184345357875,-0.29954816121543826,-0.9326544722401149,5.100517357733386,-20.875929776927777,-95.97187948818464,-0.21074064032005113,-0.396335882525319,-0.8935920844033707,37.50445853564205,-15.924096624755798,-70.70392937852661,-0.1715332381755061,-0.5426128001245364,-0.8222816837331504,0,0,0,0,0,0,0,0,0,0,0,00,-2.728419607263387,-30.28957838499753,-26.197735833574846,62.9087,3,-63.577675944516194,-20.941503045407465,-47.27409268238994,-0.27979421321744236,-0.3353606087480023,-0.8995818196029696,17.388700526823026,-11.611545501690214,-89.9066973403697,0.26445406958028456,-0.7318759154247254,-0.6280301321661517,46.213381965130566,-38.60824199089338,-59.46709918171119,0.07935453162767886,-0.9340106923635141,-0.3483195194113864,0,0,0,0,0,0,0,0,0,0,0,00,-1.0004503155833557,-26.92758780924607,-26.065175790340977,62.0262,3,-59.67557641647678,-20.495408881893475,-52.212265371033055,-0.4584835321196521,-0.0680493441762179,-0.8860936452956112,19.416853847238308,-9.332827544375592,-91.18502039146476,0.2483311266364072,-0.7526020744023423,-0.60985338163777,45.896377799733614,-41.971319754960206,-63.42809702955721,0.09323777992183391,-0.9157353037585184,-0.3908133886799829,0,0,0,0,0,0,0,0,0,0,0,00,-2.3966758094755236,-35.31124125186372,-27.028821220447707,67.6753,3,-69.78875123224283,-18.451595782225198,-41.193702144058314,-0.5727985999241835,0.00463206709946818,-0.8196832714570407,17.23060505704267,-7.419023707338574,-91.64037125769424,0.2159860839424469,-0.6770736702565546,-0.7035060066166885,54.45725503855264,-34.8561161773817,-67.12812702783219,0.14046799988095598,-0.8692027428580879,-0.4740838755639828,0,0,0,0,0,0,0,0,0,0,0,00,-1.6532645181199617,-32.28334331958494,-30.62109072746956,65.3652,3,-64.8116549056525,-21.140246351458117,-43.04254992725482,-0.2264700195938495,-0.3813367028848473,-0.8962670671641728,13.560432328428034,-2.7301709252227035,-96.12136203438403,0.20647617890680198,-0.5827130415334124,-0.7860115525613596,52.28815268556402,-33.46786419563025,-70.0476076209169,0.19745660538584886,-0.8432957321806407,-0.49986229383341874,0,0,0,0,0,0,0,0,0,0,0,00,-9.318012062196777,19.23789601943287,-47.35115856528008,69.887,2,-48.403848032612665,4.619425688080649,-113.23666130689242,0.007773875054377486,0.10096936480895462,-0.9948593541560017,50.178101568775865,-3.9517414136773596,-82.75485650463642,0.3401558309827158,-0.2980153015584818,-0.8918979031580557,0,0,0,0,0,0,0,0,0,0,0,0,0,0,0,0,0,00,-3.6560415593652054,46.64490886377284,-30.159407608679913,75.6793,2,-38.70885680936812,4.6553255058414775,-102.68877405854307,0.0626585872089162,-0.31798559290916734,-0.9460222536902982,34.56587449056523,-8.60459052434762,-79.92481434110903,0.32991954012371694,-0.21105201587540418,-0.9201137173455659,0,0,0,0,0,0,0,0,0,0,0,0,0,0,0,0,0,00,4.793308647853506,20.106008031771385,-17.66381868031819,64.4913,2,-39.94864141015459,3.538439359602576,-69.48606484433618,-0.3648143197848746,0.09402370622382561,-0.9263211489293737,43.14299016507938,6.917835204271671,-88.44816101626591,-0.10389449810714235,0.26771020095960163,-0.9578815771118236,0,0,0,0,0,0,0,0,0,0,0,0,0,0,0,0,0,00,11.360546998020705,-66.39799935380096,-36.02362303126026,98.356,2,-35.87622332459818,-7.421782452588258,-102.29406575129306,-0.18187065099075123,0.21081246014822957,-0.9604591662868548,15.8219353420507,21.496990584825866,-74.95708538515758,-0.7000037686785302,0.21089517751666045,-0.6822891533038317,0,0,0,0,0,0,0,0,0,0,0,0,0,0,0,0,0,00,4.656563567744744,-20.44139835628133,-35.65945819876346,64.0465,2,-27.06978643929654,1.7422143363989533,-92.64003234734352,-0.08581917953188577,0.2640434231323018,-0.9606855094650083,20.27379071915839,23.726646606439648,-57.672434435342346,-0.3918395999966852,0.4592350527315019,-0.797223250166555,0,0,0,0,0,0,0,0,0,0,0,0,0,0,0,0,0,00,5.600538134469213,52.58475186358703,-23.853224990558342,76.164,2,-40.957154538574756,11.277815591621565,-80.41237306615872,-0.2789743757827675,-0.6676074252832335,-0.6902703741454969,38.951320470404724,-7.3312804828401354,-71.59972858843936,0.0687906804201858,-0.20189982110512064,-0.9769870910527306,0,0,0,0,0,0,0,0,0,0,0,0,0,0,0,0,0,00,13.70169504805435,22.689013848220608,-8.286091726663894,64.6346,2,-15.916064244937305,-29.818493065321462,-44.09793127053929,-0.5709852996291505,-0.7904176509092768,0.22184392850483334,35.01360165847314,7.381581909400696,-80.76914947402379,-0.02807213421582912,-0.35278799631630897,-0.9352817933724199,0,0,0,0,0,0,0,0,0,0,0,0,0,0,0,0,0,00,0.12766872775698523,43.83413576401278,-28.75382761663053,72.8156,2,-36.70744244628326,34.36411413996797,-103.10567458740931,-0.03240478904425514,-0.3119919099116454,-0.9495324576878164,26.841369156926163,-8.368854172311758,-86.58700763833949,-0.05193924529213488,-0.4591204692734438,-0.88685411836536,0,0,0,0,0,0,0,0,0,0,0,0,0,0,0,0,0,00,6.916784091457421,-13.61472925621955,-41.05701628794996,66.0343,2,-46.23095488898723,13.727516476514724,-87.24061261459238,-0.32379178882707904,0.4084788809936373,-0.8534066047561029,58.6505012128013,-0.352305157873952,-111.25196555361538,0.2811872217156204,-0.005980181698519134,-0.9596344365146013,0,0,0,0,0,0,0,0,0,0,0,0,0,0,0,0,0,00,-5.628717868880556,15.321540619393751,-46.882859585201196,58.366,2,-62.699474773172255,-13.61504955084937,-83.51339804186308,-0.40477833177418676,-0.28196350065551995,-0.8698574124241242,55.083862039691596,-10.005052227223388,-62.47589217470366,0.4758814774728653,-0.2191371221278378,-0.8517722967095726,0,0,0,0,0,0,0,0,0,0,0,0,0,0,0,0,0,00,-3.0118004507285407,22.097916891973945,-39.548016086258166,60.352,2,-51.99355694007125,-3.403167685876188,-84.16312274312806,-0.24280321363936785,-0.2745341338085711,-0.9304179614427908,50.884573813969354,-8.124757680269997,-68.37825077102728,0.26005213494308416,-0.1903008118903645,-0.9466559698995183,0,0,0,0,0,0,0,0,0,0,0,0,0,0,0,0,0,00,12.256893216144055,-6.069375061790665,-27.58594174521224,60.213,2,-21.47636815010674,-41.814083618205444,-70.45299461436284,-0.2997391462992148,-0.9459718071146395,-0.12366393977254783,33.26064837156577,6.214873212938454,-101.024271594949,0.1253320966651995,-0.20747419229423403,-0.970178633130697,0,0,0,0,0,0,0,0,0,0,0,0,0,0,0,0,0,00,-7.929582892569457,25.097568068573878,-40.6740544963438,62.5276,2,-61.62658483283579,18.3566660956656,-90.30261647942987,-0.36527179762014533,0.09668875940823582,-0.9258657832890429,46.489214623695304,-8.675382788871197,-69.68033974117859,0.2783150779892954,-0.18263848011871214,-0.9429651897269209,0,0,0,0,0,0,0,0,0,0,0,0,0,0,0,0,0,00,-0.7501416005168833,-12.548798287902272,-28.317086431098563,65.7167,2,-45.67113218302257,-7.05307135886178,-108.85579818102276,0.017954781589850026,-0.21494006390429943,-0.9764623985343355,42.72597702215504,-23.088356928072617,-81.72930188456414,0.3664035372274523,-0.4394468934062441,-0.8201428299151454,0,0,0,0,0,0,0,0,0,0,0,0,0,0,0,0,0,00,2.345532508792119,-8.420944243113127,-10.871002373331422,59.9887,2,-43.87743392319164,-11.968023303609247,-83.3458672668455,-0.067705808401216,-0.38980699969071897,-0.9184041107764588,42.99182386907151,-22.79305581884565,-65.20158348893267,0.2546539545122384,-0.4148854851297805,-0.873510820900731,0,0,0,0,0,0,0,0,0,0,0,0,0,0,0,0,0,00,-0.30943756693015834,34.793156680088885,-35.284856922674784,68.6244,2,-43.880602580110676,14.709319137091693,-100.81668096644233,-0.15442365135779268,-0.35212447584680123,-0.9231256735379695,47.464717580310875,-8.835291331892705,-85.28177597465819,0.17572040130761968,-0.25808021669235554,-0.9500090107258529,0,0,0,0,0,0,0,0,0,0,0,0,0,0,0,0,0,00,-5.690628973536679,-58.57130703699714,-27.662541887458993,86.965,2,-46.609833368900155,9.4378495353026,-81.2256848789463,-0.1589075007267863,0.24563836826005928,-0.9562475027955392,43.61702834316164,-18.117373932080923,-96.16687028765676,0.15338229799528497,0.2939985976193216,-0.943418598358412,0,0,0,0,0,0,0,0,0,0,0,0,0,0,0,0,0,00,-25.115573872044543,-33.28597442885003,-10.678737131454215,88.7088,2,-50.228429077210365,13.992249767480205,-109.97521769871089,-0.5127281778503092,0.5895212541894845,-0.6241593653620437,34.421208441810066,-24.476588859852765,-76.89325386268435,0.2917941886105066,0.17212904571460308,-0.9408652837071876,0,0,0,0,0,0,0,0,0,0,0,0,0,0,0,0,0,00,-3.677812196207852,6.2399901446311326,-37.329010090937444,53.2973,2,-52.21635189228841,-4.654532022011175,-86.67741136721567,-0.2901816383320765,-0.1913344495956041,-0.9376488031936498,45.950224182964554,-11.992087959503374,-67.59047098575085,0.20560036247844915,-0.265957163203426,-0.9418045362460894,0,0,0,0,0,0,0,0,0,0,0,0,0,0,0,0,0,00,-2.4014360353306747,18.44441814115904,-41.412063261685866,55.6036,2,-54.38871000292216,10.151390249202853,-88.81675195396357,-0.29899813858484575,-0.045639416416708455,-0.9531610704350693,44.29944614159233,-16.494608633377077,-68.07958398156819,0.22939861289218205,-0.25173531210525646,-0.9402159435780109,0,0,0,0,0,0,0,0,0,0,0,0,0,0,0,0,0,00,3.446882852702808,-6.196153381350818,-40.02111991487096,53.2363,2,-43.93770321108526,16.152766121279047,-67.51222575506358,-0.17077167869767207,0.30961829207117514,-0.9353999975741426,49.7912339118803,4.533855868661039,-89.21027054602744,0.25600915550611075,0.14214346505785447,-0.9561664687136772,0,0,0,0,0,0,0,0,0,0,0,0,0,0,0,0,0,00,-3.2673601001193506,11.22358048773083,-42.26106652044606,54.2225,2,-52.00437212556895,0.4372593420025594,-89.59466702769325,-0.27784293601357507,-0.1157980164601783,-0.9536214403825238,45.22038488823201,-17.270872153205328,-68.15242576690764,0.200953376582815,-0.2957355780937833,-0.9338943800984647,0,0,0,0,0,0,0,0,0,0,0,0,0,0,0,0,0,00,-3.864006782591267,2.9699132184733723,-16.81636960104123,79.0838,2,-30.772778355310873,11.759438643492237,-128.13785719144335,-0.5631960318510333,0.1395252176890584,-0.8144589530742626,57.93113957731215,-3.1614947004505503,-65.04999765129085,0.6716697827473979,-0.08787771702093751,-0.735620760138459,0,0,0,0,0,0,0,0,0,0,0,0,0,0,0,0,0,00,7.228050199921667,1.9746417427064307,-21.447365598258656,61.923,2,-52.7487504522246,-5.322697001405315,-73.59988216607476,-0.5720693241086414,-0.12606272601539584,-0.810460260600167,57.24254432259994,-3.1767709201530208,-92.24486489620735,0.6852574548954606,-0.22924406913668313,-0.6912807950564241,0,0,0,0,0,0,0,0,0,0,0,0,0,0,0,0,0,00,15.19528072218975,-49.52575626629388,-25.930116077555155,93.6318,2,-17.593735860215453,-27.339518829280927,-141.86462366165088,-0.2092102674246964,-0.04677752914344005,-0.9767507462031018,82.98987264019657,-23.145439764255688,-65.31095183675627,0.6893403845523332,-0.035506701769742376,-0.7235667265198631,0,0,0,0,0,0,0,0,0,0,0,0,0,0,0,0,0,00,40.07271418931716,50.56514399191916,-7.958181144447688,89.3063,2,-42.63797749948889,28.448820407172526,-49.022759105805946,-0.1654833630580072,-0.15249436909811065,-0.9743509577604071,38.30251614126994,-8.88102895625429,-86.1342381749897,0.5868238954651861,-0.43471018864816535,-0.683128250140874,0,0,0,0,0,0,0,0,0,0,0,0,0,0,0,0,0,00,11.100601255898768,-5.278975686254537,2.4232795152584035,70.4444,2,-31.980660031954308,-19.64774928550257,-58.5948366290977,-0.6457271773457596,-0.14661720399694866,-0.7493591152486141,42.27548498237699,0.8343315267780387,-86.64839836570705,0.6388560179437268,-0.26930718571892936,-0.7206506949002585,0,0,0,0,0,0,0,0,0,0,0,0,0,0,0,0,0,00,13.589260607895474,22.51239436724564,-32.26042520886521,55.6505,2,-43.589172904398325,-9.45763049247307,-61.28681917158647,-0.5753941344759188,0.09159810320888764,-0.8127312012850434,37.81041029915248,4.038963613100508,-90.24457773708164,0.6007496936325023,-0.24363997060345643,-0.7614057406823442,0,0,0,0,0,0,0,0,0,0,0,0,0,0,0,0,0,00,19.612204295832427,-79.91541364103483,-29.8489640839412,99.1703,2,-63.64691465447631,-14.337749200237223,-51.27149599944677,-0.6804498547022495,0.13434787494413683,-0.7203735217578646,36.197471825969345,8.113174279699088,-87.0556564279298,0.5819641611152822,-0.02116997737199109,-0.8129390274316102,0,0,0,0,0,0,0,0,0,0,0,0,0,0,0,0,0,00,21.133597331681205,9.939269030814994,-40.47165361176886,59.1918,2,-47.528253159936625,31.32381077281634,-58.39971525961117,-0.25899232456089827,0.3016396696903227,-0.9175712389747397,43.934254676145336,-28.27678702911097,-104.01298155087025,0.4554729115500732,-0.4565772672250802,-0.7642519974637689,0,0,0,0,0,0,0,0,0,0,0,0,0,0,0,0,0,00,45.36592540804092,57.705751973393994,-25.403804424280963,91.1883,2,-50.643006499512325,26.24715155956661,-57.44168981975897,-0.25821193979549045,-0.0975703205868824,-0.9611486498235371,54.18673251062388,-16.649513076786384,-99.67551779583502,0.6349937330049084,-0.19840396577359432,-0.7466053398823153,0,0,0,0,0,0,0,0,0,0,0,0,0,0,0,0,0,00,11.798410236486678,-5.002115313583015,-32.04953487108298,78.6351,2,-22.301926699187643,42.417302563285986,-75.75900712950619,-0.09679536400258937,-0.0033907619784683957,-0.9952982970837408,32.630112822578326,-25.243276585971117,-137.08926116424885,0.2644473263102994,-0.0847569779442564,-0.9606682960887558,0,0,0,0,0,0,0,0,0,0,0,0,0,0,0,0,0,00,-4.965719563772638,12.091826336536668,-1.472709401410129,68.791,2,-29.961782070201444,34.834489745438816,-50.49393498105212,-0.38828747089818855,0.28173605014750835,-0.8774152905048768,40.20907867963481,-9.630702796588036,-83.46099022671326,0.2856636345365804,-0.7048690945823589,-0.6492732201906025,0,0,0,0,0,0,0,0,0,0,0,0,0,0,0,0,0,00,-13.347546490443621,-15.27418602178734,-13.809176136079703,77.4972,2,-59.33582273361898,13.351504736142527,-82.57187345128575,-0.716012495804033,0.16559425928255367,-0.6781632880031654,43.130939857962304,-22.908040390573806,-98.2672517743449,0.6103815564942411,-0.6200410212326543,-0.4929340542977523,0,0,0,0,0,0,0,0,0,0,0,0,0,0,0,0,0,00,2.52294069503788,-6.16743446276403,-30.748950681986297,69.2587,2,-71.22829454769182,10.687740389658808,-68.14957038664693,-0.6366087362183231,0.15888422786467166,-0.7546418011297479,31.652280816520687,-30.682891969669292,-114.19929333823272,0.42976135204398613,-0.4390470138828235,-0.789013589580214,0,0,0,0,0,0,0,0,0,0,0,0,0,0,0,0,0,00,8.846158511325854,19.355218956169953,-24.8617054072081,81.5398,2,-65.69862469540676,5.422735786148866,-75.88317724987239,-0.6697185808394266,0.14395456598957412,-0.7285287524292521,40.78846348633225,-11.802212052266563,-129.8979558212799,0.46543294304358795,-0.3104963131068843,-0.8288330645835811,0,0,0,0,0,0,0,0,0,0,0,0,0,0,0,0,0,00,2.560654602478463,-15.249194907491558,-25.86955818445739,61.1765,2,-66.10852414994109,-1.2010885890627043,-64.6372141952405,-0.6509298652675125,-0.15918170470421777,-0.742261260852651,49.87451256743047,-15.22027935628906,-89.83046304982088,0.5689081647031297,-0.39751751420743386,-0.719947381519962,0,0,0,0,0,0,0,0,0,0,0,0,0,0,0,0,0,00,7.848984877522316,10.55438755439935,-23.312194764885728,65.6185,2,-64.67601295641246,6.990215563834562,-61.404900697037846,-0.5902347449249981,-0.13309849511239458,-0.7961828483991331,45.82420913847206,-10.95618762015992,-93.86312794913354,0.5642750096571615,-0.3641927864628416,-0.74091695650979,0,0,0,0,0,0,0,0,0,0,0,0,0,0,0,0,0,00,2.8363082099008285,4.224664818242049,-22.185104402799052,65.5947,2,-68.64718066014932,-2.1709953249348346,-57.27504786119538,-0.7718410811752863,0.09007264439804603,-0.6294031391032734,43.89036418333712,-9.913209486101202,-96.85731895233808,0.5477689872742282,-0.29173969637456254,-0.7841161250712999,0,0,0,0,0,0,0,0,0,0,0,0,0,0,0,0,0,00,5.6276818774288735,7.5226204686885305,-23.23675765435929,63.4769,2,-64.87634052327445,-5.086067863982337,-61.38058259176665,-0.7244976686920979,-0.022979155532774163,-0.6888936186455814,45.714064479317145,-3.294193209753453,-96.37085998301158,0.5526045943087782,-0.26934630120653785,-0.7887206465372801,0,0,0,0,0,0,0,0,0,0,0,0,0,0,0,0,0,00,0.8578746277727007,17.29867523748614,-23.282399603500906,69.3166,2,-69.91637393994822,-11.66491698067298,-53.397642389747446,-0.9080854931793289,0.03594630759263446,-0.4172391991169341,47.222202876715556,5.399807457226502,-99.46243455605324,0.5627725596707147,-0.08351526950773497,-0.8223823121667393,0,0,0,0,0,0,0,0,0,0,0,0,0,0,0,0,0,00,2.8244074097800906,-2.83710296505891,-23.222763441607366,60.6121,2,-65.70185125063497,-9.487325185833111,-54.18317881673177,-0.9321633113716136,0.1827531056788173,-0.3125270600915116,46.78107252193656,-1.628084071353536,-93.73715445721787,0.5302736891524898,-0.15245832926101127,-0.8340059182790837,0,0,0,0,0,0,0,0,0,0,0,0,0,0,0,0,0,00,1.8362845950536433,7.22961409545292,-31.03062264089756,63.9923,2,-67.2057038293566,-18.419475736046234,-53.11612830913423,-0.8625025530122706,0.007686696153153434,-0.5059953055031652,43.82994262966706,10.721919295804245,-102.71581906778864,0.5252622666263207,0.015590497943340217,-0.8507975302999212,0,0,0,0,0,0,0,0,0,0,0,0,0,0,0,0,0,00,8.830416617514636,-1.2864149425671783,-26.116071170853314,59.0927,2,-69.43687347157378,-5.060303941439743,-55.38840665387391,-0.646426506396662,-0.001218864281725544,-0.7629750538266244,51.94593328404359,1.6620264604084978,-94.49077721419458,0.584392662751259,-0.14563647308084415,-0.7982958608818245,0,0,0,0,0,0,0,0,0,0,0,0,0,0,0,0,0,00,-0.583220627564395,-14.83826408326501,-35.848799593054,53.4202,1,22.200601967215952,0.09450703144663297,-100.75864758598979,0.0765773589566304,-0.08305791882274603,-0.9935982686745412,0,0,0,0,0,0,0,0,0,0,0,0,0,0,0,0,0,0,0,0,0,0,0,00,2.482145680009295,25.66268263430399,-24.683906489334106,55.3008,1,-10.771872990425454,6.542444383809912,-91.50980244235267,0.06848579669481261,0.2688594465517155,-0.9607416839651187,0,0,0,0,0,0,0,0,0,0,0,0,0,0,0,0,0,0,0,0,0,0,0,00,5.979163106706511,7.059960683728433,-36.01807289872139,50.7978,1,-16.600485337701873,-0.16692216039532481,-102.46218791232585,0.039053630798567864,0.07108126277600238,-0.9967055663678304,0,0,0,0,0,0,0,0,0,0,0,0,0,0,0,0,0,0,0,0,0,0,0,00,6.014335509572543,11.689790294298655,-35.58008545329254,51.5679,1,-14.63421667349544,0.43410702835435677,-102.84229773989445,0.06941944826352543,0.09640780955651136,-0.9929180877314564,0,0,0,0,0,0,0,0,0,0,0,0,0,0,0,0,0,0,0,0,0,0,0,00,-7.962998221979998,15.60999481462992,-16.06050925170077,78.7061,1,-16.368179639388725,14.534790085583243,-133.66160372339763,-0.2766597382169318,-0.303127382090781,-0.9119058450742159,0,0,0,0,0,0,0,0,0,0,0,0,0,0,0,0,0,0,0,0,0,0,0,00,13.126520368276594,56.25716939822192,-40.49022948845014,77.4941,1,-15.700813156389827,5.3014813171817465,-105.07120530629716,-0.007767504282224998,0.08313308782026675,-0.9965082359703245,0,0,0,0,0,0,0,0,0,0,0,0,0,0,0,0,0,0,0,0,0,0,0,00,-8.857985694905173,-38.42076439257926,-31.315321073256552,66.3084,1,13.574047125082853,-6.850775224230309,-97.09152641351058,0.008474171082763809,-0.1588458440007478,-0.9872662928982947,0,0,0,0,0,0,0,0,0,0,0,0,0,0,0,0,0,0,0,0,0,0,0,00,12.832668028102765,22.20453445529368,-10.306562833174787,63.023,1,25.919937009897243,-16.864371910655173,-75.00818130146148,-0.07953802763221236,-0.5580098485883994,-0.82601345230107,0,0,0,0,0,0,0,0,0,0,0,0,0,0,0,0,0,0,0,0,0,0,0,00,-8.953750558948826,65.2576612217521,0.6637689579156357,89.3288,1,-24.63592057615968,28.567458837441368,-89.39332279813584,-0.025303240195240773,0.3558585813751063,-0.9341976070994319,0,0,0,0,0,0,0,0,0,0,0,0,0,0,0,0,0,0,0,0,0,0,0,00,-3.890850779214647,60.7650730618587,-20.03749351357178,77.7728,1,-21.139583079234495,13.279086729123616,-94.43279491672423,-0.014763617555261708,0.16559748406774258,-0.9860829552614269,0,0,0,0,0,0,0,0,0,0,0,0,0,0,0,0,0,0,0,0,0,0,0,00,10.327944825227961,57.52524477943537,-33.41330354767591,78.6755,1,-15.773965065842571,7.37848273732951,-95.95782401922206,0.15797328779282602,0.17694996807622634,-0.9714596816274647,0,0,0,0,0,0,0,0,0,0,0,0,0,0,0,0,0,0,0,0,0,0,0,00,10.69443659325142,53.894225568370366,-38.67568603137324,75.7215,1,-13.2346283783819,1.2154529122157849,-102.10160541516535,0.09057959537833929,-0.003806407300096948,-0.9958818936066383,0,0,0,0,0,0,0,0,0,0,0,0,0,0,0,0,0,0,0,0,0,0,0,00,-21.246200632685493,3.6267265792123933,4.533901309612291,63.3133,1,-23.518257419972457,10.999419401394212,-89.87208206339749,-0.329783966542859,-0.3712810085967926,-0.8679821727337473,0,0,0,0,0,0,0,0,0,0,0,0,0,0,0,0,0,0,0,0,0,0,0,00,-11.539431860869994,49.674551739838186,14.849527538424454,79.6046,1,-9.383174183979893,23.59579151615408,-81.87423617285938,0.0987727013387079,0.04150207591996863,-0.9942437777620586,0,0,0,0,0,0,0,0,0,0,0,0,0,0,0,0,0,0,0,0,0,0,0,00,0.14999633113358746,64.89208538300076,-20.547282936581414,95.099,1,-36.1476125644681,23.28163779022215,-109.41435344388705,-0.8368315698179417,-0.013611055786791601,-0.5472908799818936,0,0,0,0,0,0,0,0,0,0,0,0,0,0,0,0,0,0,0,0,0,0,0,00,2.344128566087653,65.84178212156901,-23.855373852058584,94.9761,1,-29.909078045349922,25.247385932862024,-100.55828482787615,-0.9360850014888791,0.1321058055342987,-0.3260252204650086,0,0,0,0,0,0,0,0,0,0,0,0,0,0,0,0,0,0,0,0,0,0,0,00,13.49968651628032,39.25664375330022,-19.00582635084844,74.4822,1,31.40104367916038,8.098111678411582,-96.75378840822356,0.3174550968559532,-0.4565698109851505,-0.8311239118050613,0,0,0,0,0,0,0,0,0,0,0,0,0,0,0,0,0,0,0,0,0,0,0,00,1.2092154920725147,37.15126947087483,-19.85400517770077,71.03,1,-37.78855556830616,27.798207240733877,-97.28540954234714,-0.6689729055134519,0.6623608219482958,-0.3372743203015377,0,0,0,0,0,0,0,0,0,0,0,0,0,0,0,0,0,0,0,0,0,0,0,00,-8.707763014776075,71.98434299111783,1.7679483181212832,97.0826,1,-25.233545224361926,24.93867067439777,-98.78625828065516,-0.6441377739239332,-0.33602727610760963,-0.6871478104091656,0,0,0,0,0,0,0,0,0,0,0,0,0,0,0,0,0,0,0,0,0,0,0,00,12.760891707206882,66.77551361815492,-6.528384582613488,86.8634,1,-19.10257703911261,8.864332723609483,-76.1309850441557,-0.22305037528150393,-0.08689949558051055,-0.9709257800509079,0,0,0,0,0,0,0,0,0,0,0,0,0,0,0,0,0,0,0,0,0,0,0,00,2.46467806833357,2.287770070847239,-35.552457500198116,50.118,1,-19.596661218956186,-4.538477053021518,-101.58370287117222,-0.06048020677508458,-0.12876938820083034,-0.9898281147995861,0,0,0,0,0,0,0,0,0,0,0,0,0,0,0,0,0,0,0,0,0,0,0,00,-4.9183485115236625,-30.942032236528508,-37.687865741335386,61.6596,1,16.09960484676718,1.6471455181470476,-102.65081083474203,0.00974749896202449,0.03718432149587137,-0.9992609990057034,0,0,0,0,0,0,0,0,0,0,0,0,0,0,0,0,0,0,0,0,0,0,0,01,-1.2439777941852643,-30.610883436779655,-1.8601832393235624,67.0874,3,-75.87193875038864,-10.997699343663916,-39.85327350226247,-0.4291633159575163,-0.1951632069585663,-0.8818903108006088,15.607151975910405,-32.74912102344685,-73.96790027955406,0.42343003695612214,-0.6990714551057486,-0.5761996787435639,62.56725983385797,-37.352756367301545,-31.530518423425928,0.22681674628492093,-0.7227907668321171,-0.6527852729663247,0,0,0,0,0,0,0,0,0,0,0,01,8.58264071373097,3.605815308937705,-28.98394885771824,67.0126,3,-76.45330774423316,-8.10323550782283,-71.1377057619952,-0.14371173115319988,-0.4770937827140225,-0.8670227463968656,24.051191038827355,11.831743665765165,-118.26195527011414,0.4439722087685233,-0.06605780106929751,-0.8936019486458361,69.1280711239946,-44.279051156331725,-45.57939380359608,0.27644849352615264,-0.7068653874350693,-0.6510900637053433,0,0,0,0,0,0,0,0,0,0,0,01,-10.99054612258349,-27.151157952839316,-27.306990855131275,81.2921,3,-60.21353378675807,32.214833803732546,-64.92476617138301,-0.37276630303462044,0.7725686141783881,-0.5139883082596509,-20.25723652625518,7.383809813897889,-126.08745598001174,-0.5419162154024257,0.2028957388643202,-0.8155735671315038,88.4229291799351,3.939057157981644,-61.98098644452379,0.957897818341152,-0.2816197673258958,-0.055873500172817024,0,0,0,0,0,0,0,0,0,0,0,01,5.719505163983766,-3.5295874566897223,-34.01489873748171,69.378,3,-78.39548980267413,2.385693126361317,-67.6384268782471,-0.9585828749701885,0.2059720261854057,-0.1967095158551318,26.856487705866428,-9.80315923878047,-121.67224549272547,0.5298924610522247,-0.13905573806034796,-0.8365869286448969,49.61643297342299,-49.59216686721925,-34.5791417272619,0.8722982326801455,0.240735501716266,-0.42560891340584783,0,0,0,0,0,0,0,0,0,0,0,01,-10.525781567341053,-29.398919902360298,-3.0673073030283873,80.291,3,-71.42530468926424,2.3153653327836308,-46.15694025291759,-0.6914397577442739,0.15517472336584892,-0.705571405087208,3.434259100861874,-0.6202877996133813,-100.69941629882291,-0.36847914934456905,0.12743605386374576,-0.9208603513915254,68.64511784576064,-5.205211721740769,-32.0480472528889,0.6489611125939908,0.04460862599062447,-0.7595132025525051,0,0,0,0,0,0,0,0,0,0,0,01,11.144743825870746,-50.43327429459704,-30.68041017383097,84.5123,3,-61.96994549982547,-12.530737531018008,-90.3958482898261,-0.788261894032745,0.4419916457691174,-0.4281195846667194,29.793103177806735,-16.246793779357414,-124.08248268977137,0.5649517503778538,-0.3358550778027388,-0.7536789367417027,81.05051397105201,-2.3869524038601178,-56.36822622373259,0.7021610394088171,-0.5020803428191478,-0.5048613495519486,0,0,0,0,0,0,0,0,0,0,0,01,1.5376115493630511,26.7662463423224,-22.861188751361162,73.4114,3,-71.51832370722559,-4.118605694278177,-44.826671690562485,-0.8700268969691523,-0.04785855851711322,-0.4906756057436331,27.459966257412322,-12.926904649103154,-88.62816006610468,0.5178635313089588,-0.40580796920171514,-0.7530851226833485,81.7220780205417,3.2194289493422463,-35.99113083211674,0.49763689451429427,-0.5736297890814225,-0.6506201907054304,0,0,0,0,0,0,0,0,0,0,0,01,4.780173635989338,-6.449979353082586,-18.965384592783703,60.7313,3,-58.8640085120147,-25.150831399289366,-31.732047592786028,-0.7444817982915226,-0.11832486561431521,-0.6570738506826815,-1.6967205303230735,17.462031478840427,-83.28980799088689,0.10265753450921285,-0.18593909018672478,-0.9771834074369121,68.53529334953666,-16.190841742492715,-42.50758496543124,0.37110385326215867,-0.3024908979539124,-0.8779413536226071,0,0,0,0,0,0,0,0,0,0,0,01,6.419174742482437,-10.134011620050899,-27.209707482812767,57.8382,3,-65.49911966198097,-10.888069775734289,-38.01501223891768,-0.7884087869627245,0.13479620519010874,-0.600200869511123,9.02743358764884,-1.4406296938150933,-94.60964492999999,0.2660660161053819,-0.3700287982559843,-0.890104959676683,71.55862465481978,-19.693473485132596,-45.71553963804645,0.48584322015160597,-0.3791848450211388,-0.7875118408069557,0,0,0,0,0,0,0,0,0,0,0,01,2.7856147765929196,-13.890701682416175,-37.657633275310026,56.6561,3,-59.890217426610555,-17.88850871636777,-54.077987184103556,-0.2937303730141476,-0.224301105887869,-0.929199326189187,-2.241542613894569,15.965715069047672,-97.13305043658039,0.12672501366196712,-0.15449232175376812,-0.9798330649189662,67.24495008536117,-25.473231909072858,-41.24994164989686,0.4169378809040665,-0.4280772604338397,-0.8018183332574004,0,0,0,0,0,0,0,0,0,0,0,01,-0.6686975446905457,-8.422679224723971,-39.099925045043584,56.8594,3,-65.41994181631529,-18.94549712101066,-46.444758642720856,-0.6603483545868771,-0.17890031619359914,-0.72933811762874,3.4942241468978064,26.231356924089884,-96.19818403095316,0.21369319113730265,-0.14226383957551408,-0.9664866559416266,63.05886832282013,-17.67577556593808,-54.09342618580115,0.38002499983931,-0.26955101390239694,-0.8848292525783276,0,0,0,0,0,0,0,0,0,0,0,01,6.505657934012721,0.055564515155862026,-36.753602368750876,60.63,3,-72.79656266386603,-6.653918666742835,-47.7096400647927,-0.9132300268806653,-0.002829824211509315,-0.40743438459319453,4.974217872900661,13.324974176539264,-104.41606374179308,0.2838064174389975,-0.051521702423063594,-0.957496761691576,81.11275775917011,-15.012407589925743,-40.52226432883521,0.6403431934779531,-0.4732517959922333,-0.6049737219433633,0,0,0,0,0,0,0,0,0,0,0,01,-1.2253059687122354,-3.7962728347555292,-49.27089079329001,60.2934,3,-59.005469489044486,24.896488903340686,-69.65084360108771,-0.27482835155801427,0.6179165109318311,-0.7366462958420184,-4.938070185292814,-14.663571014544875,-118.17786085314957,-0.2708897424804399,0.3084667254398281,-0.9118476445138138,57.34334840586021,9.21862728208926,-76.00646986992659,0.4801717898095396,0.10585057133655847,-0.8707642019351833,0,0,0,0,0,0,0,0,0,0,0,01,4.248045185161228,-12.167805571573053,-21.995568226513598,79.9305,3,-51.927947916912856,32.95712872307016,-73.8979955700372,-0.3365412841421956,0.7810538610019786,-0.526017918789664,5.156124435410008,-15.427657369703116,-130.04310159719876,-0.4102924774997728,0.16290223691677796,-0.8972861624251174,49.80762246915245,30.982152370283057,-83.23939136925972,0.6618329334604579,-0.07023679294694475,-0.7463531885706918,0,0,0,0,0,0,0,0,0,0,0,01,24.602004433778905,33.76297105042126,-10.46988166211694,101.934,3,-43.45165646570254,-17.05176369152216,-95.1627003669769,-0.6314930289050088,0.24932542028817142,-0.7342026795786715,26.775566747111014,-76.72901524022107,-51.56487558641538,-0.11022013555458153,-0.9074670974374301,-0.4054068684418312,48.3090431917033,-11.042546009205722,-121.10676606840208,0.5718419389689552,-0.5486039467396058,-0.6099428776819599,0,0,0,0,0,0,0,0,0,0,0,01,6.928586504888072,25.268126298096483,-30.167323433445485,65.9759,3,-44.767055781056634,-13.89862344691765,-65.09614389897826,-0.4605789114959915,-0.3508903668906935,-0.8153177645603711,1.5798043896618048,23.473321403232983,-105.83717222035362,0.3871291646211979,-0.09108911046861555,-0.9175155392252049,64.64879558565254,-20.95599321623125,-64.22749681457067,0.37208707861989926,-0.4427864615538277,-0.8157759929200777,0,0,0,0,0,0,0,0,0,0,0,01,6.753293444967171,-9.247599824048413,-20.919895920162233,66.3926,3,-43.820757565496805,12.149078335057881,-71.70570816026117,-0.29168675657370247,-0.10618077308327076,-0.9506017126425753,55.73268915571822,25.4575475770545,-85.69143131239139,0.6576746894445493,-0.055807087599336,-0.7512318090188213,62.30922447423869,-31.33464241214537,-80.22240619909039,0.40990193987447654,-0.6112319210675697,-0.6770347335905478,0,0,0,0,0,0,0,0,0,0,0,01,-3.83795223495985,-52.07384784575574,-21.57801363928895,76.8818,3,-84.67734602641825,-2.7536516197027563,-35.63217488368651,-0.8325911993688625,0.1373740882230071,-0.5365814173741613,3.3371651559964626,-14.757557512030466,-100.61099802552795,0.13169752115965816,-0.28602107483357875,-0.9491297998264165,77.30084773744498,-31.548735426476327,-43.02601889862253,0.4274970164262497,-0.5748162555350763,-0.6977337475859158,0,0,0,0,0,0,0,0,0,0,0,01,-8.579765628096837,-58.08531662094278,-21.150133209287123,81.2845,3,-90.72858065376299,-3.2071316002798502,-38.46780177891556,-0.8959437915709704,0.13675481353899874,-0.4225904613022276,7.157463256156829,-14.958355671467691,-100.87996320073898,0.16352033169875577,-0.31670515016889655,-0.9343230288215192,74.72433293338483,-35.20579389463554,-40.808190880127896,0.42009851962186867,-0.6078040085223552,-0.6738632033592975,0,0,0,0,0,0,0,0,0,0,0,01,-8.974084854251785,-47.862786480534545,-21.019543619204235,74.3768,3,-83.93696748640896,-3.597214611364447,-33.98615161631804,-0.8737264554400671,0.12272979358770583,-0.47068014343477477,8.749321211846699,-12.441869042430591,-100.33894539426336,0.17684688937003418,-0.31877033283881007,-0.9311877700884663,69.46297061690738,-41.105625086085396,-30.689186915506564,0.3816717528906971,-0.6842968089899099,-0.6213411293875231,0,0,0,0,0,0,0,0,0,0,0,01,-8.975287656218406,-48.690173029021004,-22.66872988497843,74.7925,3,-87.18042313969046,-3.7269555565578028,-34.977967543262494,-0.878735137392512,0.16699246519694957,-0.4471453358526549,8.453718373665058,-11.62061136260915,-101.13311600526065,0.17551135486451774,-0.29567142201705005,-0.9390283988703013,70.07830720140531,-41.39205137294495,-31.084982526752594,0.3971342271488735,-0.6772013891060586,-0.6194222473932359,0,0,0,0,0,0,0,0,0,0,0,00,6.151795613420766,-1.6514159595460947,-25.155694469428738,59.733,2,-77.74125793573769,7.9821132422220415,-78.16926899421172,-0.5025069590498548,0.280968510113119,-0.8176448419113723,66.44226691166577,-9.511254407753118,-73.87369577298722,0.7944896094128235,-0.3097962441087784,-0.5223137723247822,0,0,0,0,0,0,0,0,0,0,0,0,0,0,0,0,0,00,4.284319881189006,63.151049145389315,-41.67506002985728,94.7556,2,-80.72812287200387,22.542228249468458,-68.32282399931161,-0.34829230134353917,0.408564506654594,-0.8436629759144931,84.51108194744526,-11.112437403056552,-50.936723211110014,0.530804829259348,-0.783669140057128,-0.3226594288457494,0,0,0,0,0,0,0,0,0,0,0,0,0,0,0,0,0,00,0.802445741920605,-28.151987503691586,-21.116789118929745,69.5701,2,-62.09910792300046,-10.124201542349509,-67.75913929609293,-0.5747031016146879,0.08272581165486374,-0.814170375785375,71.26523408824066,-5.859085635295532,-58.4382488382089,0.3506248500001353,-0.28856185306137566,-0.8909514202447599,0,0,0,0,0,0,0,0,0,0,0,0,0,0,0,0,0,00,8.23473164245793,21.80558932618147,-4.0955758223985725,68.3437,2,-67.58202726882818,7.533975401210081,-39.16624539427858,-0.4883071558384943,0.06879607665891085,-0.8699554104210221,63.89407204484485,9.228014136393146,-56.749740122138085,0.4681879216538794,-0.13702358038067378,-0.872940266538713,0,0,0,0,0,0,0,0,0,0,0,0,0,0,0,0,0,00,9.908684957215717,10.577127485966988,-21.618256038735886,68.1724,2,-67.52339932719974,3.557381921985358,-72.78699294994016,-0.8676312625618846,-0.1402868772067875,-0.47700687178994106,61.23297083139667,-2.806281525578872,-86.71361342399754,0.5194072100008592,-0.5364070892389274,-0.6651935166997135,0,0,0,0,0,0,0,0,0,0,0,0,0,0,0,0,0,00,0.49324627318650416,6.733760146878365,-1.213926438586718,65.1772,2,-60.254767872131325,19.87050396549395,-57.336154779235144,-0.19170136927110767,0.4323903280298102,-0.8810729556397977,63.10036806017819,1.1572277569234046,-51.285200806456864,0.8391407705329181,-0.3180180434652582,-0.4412564932303463,0,0,0,0,0,0,0,0,0,0,0,0,0,0,0,0,0,00,-13.140715572405762,35.77619861546475,-6.551326006385969,76.2677,2,6.5420867407028815,-45.58705207536656,-48.45720940920795,0.045612912030643105,-0.9933006656696485,0.1061779171311802,11.238373310397458,7.962780772931119,-87.72949600652207,-0.017112826734632214,-0.3209404764416895,-0.9469443092578467,0,0,0,0,0,0,0,0,0,0,0,0,0,0,0,0,0,00,4.729280233950176,-14.693426367217281,-20.224354975821285,59.6366,2,-45.34881722029721,-15.325565083627675,-75.69940765109662,-0.4324017470104107,-0.5368193948577434,-0.7244676920075821,58.79568446184074,-7.909571768216964,-63.2435271539272,0.21168535427892476,-0.6612418183247237,-0.7196869448608202,0,0,0,0,0,0,0,0,0,0,0,0,0,0,0,0,0,00,-1.8179034241908507,56.44340560339031,-34.74072329819092,85.3735,2,-71.07399431228966,9.711597279166126,-72.87616160558862,-0.9193254921056987,-0.36537613755856724,-0.1460870541180642,76.48026653121465,10.688773615083011,-65.4704912574347,0.6403776898714547,-0.022108070587339518,-0.7677415590150114,0,0,0,0,0,0,0,0,0,0,0,0,0,0,0,0,0,00,7.672802555097012,29.636577484124643,-38.05706289544643,68.4114,2,-75.35534445351917,14.215170480981193,-65.09204740994163,-0.9515049029245256,-0.23838215696564935,-0.1944522529169569,76.66273528861495,-12.499573413506154,-67.27401110717344,0.6233383884040363,-0.3423682556461861,-0.7030164536272561,0,0,0,0,0,0,0,0,0,0,0,0,0,0,0,0,0,00,-24.433115052054852,23.636836895258135,23.34143227846129,90.244,2,-57.114562814563236,-3.079399597786192,-88.56763910993865,-0.6330471099070516,-0.3591752876901372,-0.6857437763560272,47.705161451745184,-38.18008302093688,59.89509134367531,0.042005695833016166,0.034189853871514575,-0.9985319351722393,0,0,0,0,0,0,0,0,0,0,0,0,0,0,0,0,0,00,-6.581195198745856,55.69568511764372,3.7851717944025403,85.4498,2,-38.9877934167587,21.652124441580202,-93.59763679540549,-0.7380535167829468,-0.10344779663106471,-0.6667656661432775,31.669547276200753,-1.7629221021817223,-43.51802503417388,0.5197300437614584,0.06701892465814344,-0.8516978715162817,0,0,0,0,0,0,0,0,0,0,0,0,0,0,0,0,0,00,19.77116995138165,47.9869610900294,-25.54650155358936,102.695,2,-47.66218385970442,-1.4416620601441839,-115.08796919694895,-0.4938596618488121,0.08421978110090567,-0.8654534595653133,43.090420709306926,-41.93321620760946,-79.40533006090129,0.156306551706773,-0.7616906656247875,-0.6288041951916294,0,0,0,0,0,0,0,0,0,0,0,0,0,0,0,0,0,00,-1.2346110595092563,8.96642867626226,-8.020068218240878,67.5765,2,-58.5332914714941,6.452276083428577,-66.38419552059239,0.3239677350826644,-0.5088001585388204,-0.797601174840075,39.605464093316655,-4.6073827466837045,-59.76274234536519,0.3662698156956101,-0.9039370660298458,0.22077862139178295,0,0,0,0,0,0,0,0,0,0,0,0,0,0,0,0,0,00,13.068287341359717,57.65108621251006,-24.20588086832312,83.8587,2,-69.24138479229963,44.16959853272806,-58.17762363273557,-0.43200116379371134,0.48135696243523435,-0.7626733778426998,77.8429373815221,1.1098440146363746,-75.55008176706029,0.48943973766712234,-0.2716883397617663,-0.8286336336643741,0,0,0,0,0,0,0,0,0,0,0,0,0,0,0,0,0,00,7.505515036927269,41.38062202670544,-9.960666489347249,80.2883,2,-72.9467246893816,32.12571640136508,-47.751295408149055,-0.47616241671031134,0.4663085381427382,-0.7455369290228128,81.64798732842411,-2.049902459436529,-66.01303656452986,0.9068524521803771,-0.2824658044301507,-0.3127815567959414,0,0,0,0,0,0,0,0,0,0,0,0,0,0,0,0,0,00,4.573635394382598,68.4421007176134,-18.326483450211086,101.284,2,-87.54623962658009,19.103615618221646,-54.30906352764834,-0.6308567245124875,0.24679520546989725,-0.7356032186766424,85.05384265019777,-7.374705052305427,-65.28331048896324,0.47250861042243153,-0.6046162664129835,-0.6412294225934086,0,0,0,0,0,0,0,0,0,0,0,0,0,0,0,0,0,00,-3.3809186576139494,-37.24438953152125,-23.12136685656531,74.4378,2,-83.51423636607271,4.993050430311021,-56.46687663012671,-0.8744325416095504,0.37957586101937163,-0.30214217499913687,79.37989330816191,-24.849856111814468,-40.128761815645596,0.5297469755643912,-0.44956388529647423,-0.7192084027481208,0,0,0,0,0,0,0,0,0,0,0,0,0,0,0,0,0,00,6.263467353168023,45.14041356554977,-21.93512505171808,78.0583,2,-77.42858049668433,28.495459138564833,-43.22418635445203,-0.5050751982382321,0.4528143683772261,-0.7347499911274159,84.1166749959949,-10.556560844118815,-57.248737276206526,0.9078146626838348,-0.4017328301905305,-0.12034468189207755,0,0,0,0,0,0,0,0,0,0,0,0,0,0,0,0,0,00,-9.044884547083058,-45.35810571468857,-20.873759681656566,81.6333,2,-78.04876216434063,3.5115354412396176,-79.83101695449584,-0.5512930276684614,0.41752361235193963,-0.7223229637646306,71.60221059859096,-44.85306109330375,-54.80919879915514,0.31469938448785695,-0.6966506827504378,-0.6447031288331894,0,0,0,0,0,0,0,0,0,0,0,0,0,0,0,0,0,00,6.744774232595477,43.736399055404654,-18.95481860721973,82.0091,2,-73.96651424166984,27.148174745828417,-50.4115975564569,-0.44757745199187243,0.4471057930720135,-0.77444939128319,80.24979635532497,-5.048395027930045,-66.91746841214322,0.8670805200809468,-0.40689335632351914,-0.2874191589539073,0,0,0,0,0,0,0,0,0,0,0,0,0,0,0,0,0,00,-8.53839954347431,-45.33820492164933,-18.419019391384712,83.8426,2,-81.89724853950798,-0.34032027064104753,-74.54426765786174,-0.6048987174726146,0.35306210698249846,-0.7137537357935895,73.1643534836592,-32.937009749241426,-52.624291519773045,0.45552991704583706,-0.4936571442410136,-0.7408076989239585,0,0,0,0,0,0,0,0,0,0,0,0,0,0,0,0,0,00,5.978492268066211,43.20684094692995,0.5307918750733654,82.9227,2,-73.64040462647802,27.0504707054255,-40.33296942307626,-0.4526182855802484,0.4434728079622322,-0.7736079612920718,81.71441701831505,0.7562796611707014,-56.984884077325795,0.9163950747840874,-0.26534905285995136,-0.2996839503056172,0,0,0,0,0,0,0,0,0,0,0,0,0,0,0,0,0,00,2.098677582482183,7.276934333135938,-32.852146256524875,52.4289,3,-24.94290974493976,10.716893355627068,-78.54375718196017,-0.05141472022954406,-0.030575999318466596,-0.9982096829926981,0.17744735013387938,-15.866747110259501,-90.66739017073228,-0.013895923146605938,-0.0773537775261737,-0.9969064506404535,25.959560304660876,12.567562883997722,-86.16550647350326,0.10843130291377688,0.08316711388540578,-0.9906190117367729,0,0,0,0,0,0,0,0,0,0,0,00,-7.517899956445761,-11.110284680200092,-38.08794367473596,52.8721,3,-42.69771489235874,-6.880784957075751,-87.76980353864352,-0.26188166073329133,0.1432163994616238,-0.954414970883764,-9.57550805445986,22.653504316580396,-97.4461418352209,-0.03609213982771125,0.3023550361156652,-0.9525115118297185,33.08117330858404,-7.207259987075547,-82.25771194160767,0.19522094130096831,-0.25342455860135893,-0.9474518045326923,0,0,0,0,0,0,0,0,0,0,0,00,7.693050086368246,-29.05239060643929,-21.99721196082587,63.7292,3,-20.205300568647267,3.2477512991169366,-81.45747703482887,0.2385807440312519,-0.03925017776089777,-0.9703292201372826,1.4850314133064408,-13.306290831850733,-93.06469167654105,0.08279617058870542,-0.2896115511789702,-0.9535563765134403,31.24885390355413,-0.10411696891655531,-83.06443825183838,0.18831577623256393,-0.04941578964305959,-0.9808646251251366,0,0,0,0,0,0,0,0,0,0,0,00,-28.936756879379857,127.354724476854,-41.79407489403278,138.703,3,-25.95693308883794,-0.21071222492361752,-97.84553193942848,-0.12390153608212076,0.14697670552576822,-0.9813493351784927,4.801184166283325,1.286628959267646,-96.61473477566702,-0.0026431500425838673,0.0819605366346409,-0.9966320092905961,25.087518519179884,10.848106396030339,-69.77413434052862,0.15397100080613088,0.19666528418815682,-0.9683058197475302,0,0,0,0,0,0,0,0,0,0,0,00,-3.8871331244999916,39.1875926662872,-40.40616720097977,62.8833,3,-23.53188703033301,6.700193670826392,-97.50354568874432,-0.005268330154102729,0.09699617892095151,-0.9952710425608249,10.874841872684291,-1.9843472375186286,-104.6921652623301,0.08735302855644694,-0.010429412155123179,-0.9961227053857895,32.02857499115285,13.22046189503975,-71.90279199117326,0.431737467031512,0.2529588746025459,-0.865802236275708,0,0,0,0,0,0,0,0,0,0,0,00,4.403908540475005,29.600574663928686,-44.11599375130786,56.8376,3,-40.77959538950972,29.901677366499474,-80.05748191101013,-0.26353399527878374,0.3347895328335714,-0.9046910702457874,-3.4514302012275646,-8.84451174240881,-105.36392102935689,-0.04020321835092563,-0.08989315101014435,-0.9951394170303185,49.435991076970176,13.031808565495025,-91.16252025879962,0.3724709018383369,0.13922186686891638,-0.9175417643193451,0,0,0,0,0,0,0,0,0,0,0,00,3.257581318798124,16.08062388630606,-43.982360525141765,53.7608,3,-43.60171438893392,18.091555746767607,-80.89740863851767,-0.2565807484369729,0.11203081645514383,-0.9600079247052614,-2.29119892060105,-20.508064840814,-101.45054611367159,0.0034521867686184643,-0.2486852372579549,-0.9685778069046159,49.80599796031131,1.8900262493494304,-88.91799158957704,0.39881165696700677,-0.06414507272875526,-0.9147866768339161,0,0,0,0,0,0,0,0,0,0,0,00,-0.674024731873802,-17.618813041210235,-41.91008958807032,55.1493,3,-40.70659509352091,-17.97449148003375,-85.77451940714232,-0.250511537912566,-0.13318511471491914,-0.9589085856769897,-4.287930744408429,28.857988198400367,-93.49711384396869,-0.08047588732484644,0.30490221309320953,-0.9489777476382368,37.74339451819779,2.800033412248361,-80.53873566914177,0.1792398370621276,-0.03280705038779553,-0.9832579316907564,0,0,0,0,0,0,0,0,0,0,0,00,8.036819209907133,6.037713125954586,-49.47720424428128,49.1203,3,-34.554497003983954,6.884487986645552,-61.88135718722853,-0.19682608000088958,0.20596903622467963,-0.9585593405429594,10.317015758090024,-41.428143226001346,-95.62225988699892,0.14161751479630705,-0.47809755772705387,-0.8668149158294043,50.53706667204298,23.133599454166383,-86.99952613531643,0.3792369770735057,0.16771670434200717,-0.9099730760576371,0,0,0,0,0,0,0,0,0,0,0,00,3.8619454257801085,58.047444586561895,-28.712069301747704,76.1954,3,-28.09344956006115,30.281880058407157,-71.4065611813883,-0.30608391707033183,0.1016810616625666,-0.946558891357554,-6.484650679324095,29.317624517787277,-103.77091962568808,-0.22308709145909456,0.4510382089010325,-0.8641735326713359,31.222897883666604,22.83842691647541,-92.52812451391848,0.1566248120721291,0.5028352248826993,-0.8500735703987753,0,0,0,0,0,0,0,0,0,0,0,00,-8.184356249074886,72.76111083757178,-20.206688607260585,96.5895,3,-29.554170228306944,33.75783752844189,-95.44233080966283,-0.7803081350521283,-0.3765483743455579,-0.49933049727016565,11.38069173943372,7.098902409530167,-91.69286199351562,-0.13411548029679643,0.09726326493071683,-0.9861816082288144,53.80563721642514,14.378841934925607,-78.96979164469737,0.3004713572732012,0.07885983964831891,-0.9505254480628261,0,0,0,0,0,0,0,0,0,0,0,00,2.080293589858109,9.258141909666593,-44.318267406685294,50.8889,3,-28.560754020620013,14.866624408777028,-87.75936217465328,-0.10784994303024337,0.2074871409096076,-0.9722741215303051,-1.5520253422095391,-19.876031404020182,-102.55230297395379,-0.05008805404116018,-0.19161072713172475,-0.9801917014178496,36.2822993923782,5.317273501641024,-92.77474784333698,0.16759078230885097,0.05923963669781148,-0.9840751954495223,0,0,0,0,0,0,0,0,0,0,0,00,9.670648227954993,20.3099508677019,-44.828324005122916,52.1182,3,-19.22846126791226,9.724898853881054,-91.81112266425109,-0.07859674718146611,0.1764074937261754,-0.9811742519750201,26.677540150124063,-10.320868423176744,-104.91969978655088,0.15228843957371926,-0.13149102159943182,-0.9795499295594573,50.981310935908816,21.678117687874714,-70.00804361347934,0.44327994395030895,0.2673519074241721,-0.8555851792772452,0,0,0,0,0,0,0,0,0,0,0,00,5.336755336768326,5.45350332507692,-39.40584887159656,52.977,3,-22.9447517563487,2.207731612280035,-95.05103181488789,-0.10308288383660827,0.2075255878655321,-0.9727829939251503,4.625477815312979,-24.604173528191954,-99.53709333570781,-0.027906738894034798,-0.22561978589506365,-0.973816006686043,33.559411647106664,6.6013942918145325,-91.14140896703759,0.3084739787772708,0.2392156107066282,-0.9206628134956957,0,0,0,0,0,0,0,0,0,0,0,00,5.7508333108791945,4.467104947384133,-36.85130153562453,53.6728,3,-23.468304563878373,-0.7093966739367069,-92.53030728090361,-0.10058094228778354,0.18315789117477285,-0.9779248779691105,5.3180494806010286,-22.771099622979907,-96.72693438657397,-0.0005390201260040744,-0.17756873393469141,-0.984108678848085,32.91993354281349,2.9053093781312582,-87.19004922591901,0.14462012308119754,0.14931271984017627,-0.978156751313355,0,0,0,0,0,0,0,0,0,0,0,00,9.120967382524526,49.345585663879994,-27.365283942717884,67.6034,3,-29.47775167313521,33.54461097242091,-61.7473304474635,-0.09848182228001891,0.6709213015300444,-0.7349601335770723,4.492498578144389,16.30617041152231,-101.3255665040865,0.01617184893929958,0.3006689220310019,-0.9535919040593779,38.55047076974528,19.461331449724966,-87.34539748010346,0.18423101043361537,0.34976209852901324,-0.9185452868078904,0,0,0,0,0,0,0,0,0,0,0,00,6.159447607656756,58.271619836598724,-26.758784867282547,72.569,3,-18.166698703293317,21.198142029174655,-66.39630875458855,0.023418516748779136,0.6102183079422467,-0.7918868281613095,5.087056501774237,23.494849092223347,-106.18120566937543,0.030824901918807202,0.42748588372358937,-0.9034965479301783,35.6431645171822,18.990459245901015,-77.3098301886687,0.5430826336817954,0.40552088850260903,-0.7352643533657065,0,0,0,0,0,0,0,0,0,0,0,00,8.837787248539154,-42.20864000993616,-13.541831858399439,69.4512,3,-34.373744204126375,-26.237856684069733,-75.17812222059989,-0.396296365323321,-0.7505067019975213,-0.5288557952517137,-2.1604736520797676,-22.550298773778547,-89.54834612069581,-0.2659046762268602,-0.4806264321960271,-0.8356390587838748,35.54577759683501,-6.248854603301695,-70.84889088583601,0.02354456334211314,-0.24000090185819223,-0.9704873573849981,0,0,0,0,0,0,0,0,0,0,0,00,2.910542738879401,5.711230040575117,-39.50873935442229,50.3047,3,-36.582607443602114,-1.3303699072890893,-85.13941495797948,-0.2676264054101664,-0.046011440722913036,-0.9624238959740286,-3.7926456606261567,-20.795557801166357,-98.41895718717612,-0.13617819678489443,-0.26043721307481804,-0.9558393607789275,46.00092113597343,10.342594640762922,-83.42610316315121,0.24038846361734262,-0.02793363518799863,-0.9702743176189248,0,0,0,0,0,0,0,0,0,0,0,00,1.3391348817816493,18.552192218954772,-41.14664788362396,52.9898,3,-38.88546369731159,11.590351908554325,-83.18178244285751,-0.31079714251765217,0.23811223287751254,-0.9201674368026403,-3.039232109052903,-19.041899173706636,-98.67964988758129,-0.15475841445487995,-0.158801639066498,-0.975106445684987,45.76092423260178,12.402073555023701,-82.58254960228462,0.1965226122071519,0.06624732067571375,-0.9782589903438453,0,0,0,0,0,0,0,0,0,0,0,00,6.080611213717995,1.9032674595046994,-37.093349315552395,50.7668,3,-35.750587743907,-4.463533781798908,-81.55166315896881,-0.2901506323680674,-0.034943531456723693,-0.9563426957784271,-5.082389347850229,-23.554468102767114,-94.1908066399399,-0.18431657341595942,-0.2975612654518859,-0.9367412477689646,44.84111324554837,13.730567151893235,-81.0961062571269,0.16013229557150133,-0.02013975578622999,-0.9868902285998519,0,0,0,0,0,0,0,0,0,0,0,00,3.340410356713866,2.5658139087291985,-38.39584702030442,50.7066,3,-39.9833216961497,-0.17886982234723892,-80.60577533768159,-0.3198988026874784,0.005318790308184211,-0.9474364983225886,-1.6131547938901445,-29.19517959396926,-94.01322943717425,-0.11277439548346992,-0.3761052367079144,-0.919688155098186,45.86869595116608,10.058812332407442,-82.56824112926729,0.20257987676265576,-0.059471836347110715,-0.9774581600796642,0,0,0,0,0,0,0,0,0,0,0,0